number,value,datetime_start,datetime_complete,duration,params_colsample_bytree,params_gamma,params_max_depth,params_min_child_weight,params_reg_alpha,params_reg_lambda,params_subsample,state
0,,2023-09-12 23:34:44.698391,2023-09-12 23:34:45.366292,0 days 00:00:00.667901,0.9,8.991874102378254,3,88,8.305327384245071,8.442875812867799,1.0,FAIL
1,,2023-09-12 23:34:45.368809,2023-09-12 23:34:45.861315,0 days 00:00:00.492506,0.5,1.751766511258904,4,53,4.792309000666406,6.5526003362874725,0.8,FAIL
2,,2023-09-12 23:34:45.863315,2023-09-12 23:34:46.488067,0 days 00:00:00.624752,1.0,9.446874676131056,3,2,5.2188778516314995,9.922637803821027,0.6,FAIL
3,,2023-09-12 23:34:46.491071,2023-09-12 23:34:47.049497,0 days 00:00:00.558426,0.5,8.651095500582251,5,99,2.1182917818161204,9.562008006665772,0.6,FAIL
4,,2023-09-12 23:34:47.051498,2023-09-12 23:34:47.901090,0 days 00:00:00.849592,0.7,6.3611074908316905,3,8,2.506932783515761,6.486250943888333,0.8,FAIL
5,,2023-09-12 23:34:47.903090,2023-09-12 23:34:48.504221,0 days 00:00:00.601131,0.9,8.855665968332161,5,95,3.8990008955481668,4.5130589356388615,0.7,FAIL
6,,2023-09-12 23:34:48.505221,2023-09-12 23:34:49.011157,0 days 00:00:00.505936,0.7,6.215841426852025,5,3,2.449114992620375,1.683356819433627,0.7,FAIL
7,,2023-09-12 23:34:49.013157,2023-09-12 23:34:49.537955,0 days 00:00:00.524798,1.0,9.556288249196024,5,48,8.395742148310124,2.4088279145084064,0.8,FAIL
8,,2023-09-12 23:34:49.539956,2023-09-12 23:34:50.206377,0 days 00:00:00.666421,0.7,1.2170617753550372,6,94,9.311037754509707,4.101402270088722,0.7,FAIL
9,,2023-09-12 23:34:50.207882,2023-09-12 23:34:50.709458,0 days 00:00:00.501576,1.0,2.5419763636662767,4,41,7.5871017723429715,9.775077202726516,0.8,FAIL
10,,2023-09-12 23:34:50.710458,2023-09-12 23:34:51.132273,0 days 00:00:00.421815,0.7,5.654343189281161,3,21,7.445798301417401,8.144343121531472,0.7,FAIL
11,,2023-09-12 23:34:51.133273,2023-09-12 23:34:51.693575,0 days 00:00:00.560302,0.7,6.296968137233168,4,98,7.050237045241998,2.871865915656989,0.7,FAIL
12,,2023-09-12 23:34:51.695575,2023-09-12 23:34:52.195774,0 days 00:00:00.500199,0.5,5.862322045718983,6,28,9.946149418950885,5.272358852971331,0.6,FAIL
13,,2023-09-12 23:34:52.197774,2023-09-12 23:34:52.750179,0 days 00:00:00.552405,1.0,4.562721864689275,3,60,3.2680446140813055,3.5469813555434335,0.7,FAIL
14,,2023-09-12 23:34:52.752178,2023-09-12 23:34:53.317798,0 days 00:00:00.565620,0.5,5.222888406354329,4,90,6.35241029077191,9.771334727858541,0.8,FAIL
15,,2023-09-12 23:34:53.319813,2023-09-12 23:34:53.849220,0 days 00:00:00.529407,0.5,5.176927439767059,4,81,2.918484820515742,5.696063930749069,0.7,FAIL
16,,2023-09-12 23:34:53.851221,2023-09-12 23:34:54.483893,0 days 00:00:00.632672,1.0,3.0014613620154518,6,54,5.410785552748923,2.259322860673138,0.7,FAIL
17,,2023-09-12 23:34:54.485894,2023-09-12 23:34:55.039022,0 days 00:00:00.553128,0.5,7.552407888561516,4,84,1.2269477502042023,6.104196383954733,0.6,FAIL
18,,2023-09-12 23:34:55.040023,2023-09-12 23:34:55.572219,0 days 00:00:00.532196,0.7,6.36935027308226,6,78,5.397594444557159,1.2885384540782772,0.8,FAIL
19,,2023-09-12 23:34:55.574219,2023-09-12 23:34:56.079230,0 days 00:00:00.505011,1.0,1.7440242313103522,3,15,1.9555970310947646,6.194025055104285,0.7,FAIL
20,,2023-09-12 23:34:56.080232,2023-09-12 23:34:56.688960,0 days 00:00:00.608728,0.7,5.238081092836563,5,89,7.145738533732952,9.305621749539752,0.7,FAIL
21,,2023-09-12 23:34:56.689960,2023-09-12 23:34:57.171298,0 days 00:00:00.481338,0.7,3.3118459088203864,4,8,6.291375216416226,9.943460246777393,0.6,FAIL
22,,2023-09-12 23:34:57.172298,2023-09-12 23:34:57.708284,0 days 00:00:00.535986,0.7,3.1314682875304296,6,38,9.174887640989972,3.055837148421281,0.7,FAIL
23,,2023-09-12 23:34:57.710286,2023-09-12 23:34:58.295429,0 days 00:00:00.585143,0.9,3.51172117708641,5,92,4.761539444532227,8.691245993574833,0.6,FAIL
24,,2023-09-12 23:34:58.297428,2023-09-12 23:34:58.866074,0 days 00:00:00.568646,0.9,4.960404880141361,5,14,2.3565955788759148,6.1133978156451825,0.6,FAIL
25,,2023-09-12 23:34:58.868590,2023-09-12 23:34:59.482567,0 days 00:00:00.613977,1.0,3.3838021132521714,3,5,9.401910017954865,9.179723508785283,0.6,FAIL
26,,2023-09-12 23:34:59.483567,2023-09-12 23:35:00.195029,0 days 00:00:00.711462,0.5,4.161935052993131,3,82,1.093580956993384,7.134281904840919,0.6,FAIL
27,,2023-09-12 23:35:00.196029,2023-09-12 23:35:00.928354,0 days 00:00:00.732325,0.5,4.050528870169895,3,48,3.6947231286593993,7.546108104175571,0.7,FAIL
28,,2023-09-12 23:35:00.930858,2023-09-12 23:35:01.724820,0 days 00:00:00.793962,0.9,9.78298112699492,4,94,8.33895131178636,4.041114571863588,1.0,FAIL
29,,2023-09-12 23:35:01.727325,2023-09-12 23:35:02.246722,0 days 00:00:00.519397,1.0,3.079281195242472,3,18,4.472782357200179,8.060556922540165,0.7,FAIL
30,,2023-09-12 23:35:02.249228,2023-09-12 23:35:02.724845,0 days 00:00:00.475617,0.7,2.5372488448898345,6,1,2.62647539777601,1.9543182620606836,1.0,FAIL
31,,2023-09-12 23:35:02.725845,2023-09-12 23:35:03.294425,0 days 00:00:00.568580,1.0,5.906643784357312,5,26,1.340019519794431,9.012420686391179,0.6,FAIL
32,,2023-09-12 23:35:03.296424,2023-09-12 23:35:03.940707,0 days 00:00:00.644283,1.0,1.1208927292013784,6,82,1.3918071610144882,4.526967403810889,0.8,FAIL
33,,2023-09-12 23:35:03.942707,2023-09-12 23:35:04.461709,0 days 00:00:00.519002,0.5,4.865527453009415,4,8,4.687818984752754,8.221384792662347,0.8,FAIL
34,,2023-09-12 23:35:04.463709,2023-09-12 23:35:05.009865,0 days 00:00:00.546156,0.5,3.6536878088324403,3,61,3.9369547606769304,7.317761878177487,0.8,FAIL
35,,2023-09-12 23:35:05.011867,2023-09-12 23:35:05.523386,0 days 00:00:00.511519,0.7,8.353005021493615,4,25,9.951562085743493,9.014417192890022,1.0,FAIL
36,,2023-09-12 23:35:05.524386,2023-09-12 23:35:06.016589,0 days 00:00:00.492203,0.5,3.462677278976132,4,17,2.6169106011094874,2.8061342633666935,1.0,FAIL
37,,2023-09-12 23:35:06.018094,2023-09-12 23:35:06.695473,0 days 00:00:00.677379,0.7,7.57890445504008,6,79,8.536840498507164,9.974788664548736,0.6,FAIL
38,,2023-09-12 23:35:06.697979,2023-09-12 23:35:07.292147,0 days 00:00:00.594168,0.7,2.2288824206425795,6,69,7.786351475301954,3.709453447878441,0.8,FAIL
39,,2023-09-12 23:35:07.293147,2023-09-12 23:35:07.938896,0 days 00:00:00.645749,1.0,2.0033677539843993,6,76,6.311078940419429,6.6148521242408025,1.0,FAIL
40,,2023-09-12 23:35:07.940897,2023-09-12 23:35:08.497569,0 days 00:00:00.556672,0.5,8.400076550276967,4,35,9.172099769719694,1.4618372405910698,0.6,FAIL
41,,2023-09-12 23:35:08.498584,2023-09-12 23:35:09.091775,0 days 00:00:00.593191,1.0,7.989682602762506,6,90,3.681812125152576,5.014173032598829,1.0,FAIL
42,,2023-09-12 23:35:09.093775,2023-09-12 23:35:09.591308,0 days 00:00:00.497533,1.0,3.8797992331887516,6,27,7.862305469763473,5.080856284865447,1.0,FAIL
43,,2023-09-12 23:35:09.592308,2023-09-12 23:35:10.147482,0 days 00:00:00.555174,0.7,2.143940910621952,6,56,6.887248908294256,4.919171207883034,0.8,FAIL
44,,2023-09-12 23:35:10.149079,2023-09-12 23:35:10.785252,0 days 00:00:00.636173,0.9,5.0720710723936495,6,81,9.489557514106583,5.3469624556864845,0.7,FAIL
45,,2023-09-12 23:35:10.786252,2023-09-12 23:35:11.442598,0 days 00:00:00.656346,0.7,1.599512841241147,5,79,4.625830852515449,8.45503753255793,0.6,FAIL
46,,2023-09-12 23:35:11.443599,2023-09-12 23:35:12.042802,0 days 00:00:00.599203,0.9,8.43088088267964,6,9,3.973711741885274,6.891004806794301,0.6,FAIL
47,,2023-09-12 23:35:12.044802,2023-09-12 23:35:12.555447,0 days 00:00:00.510645,0.7,9.94039120774445,4,81,5.260496209583256,1.189685231379944,0.8,FAIL
48,,2023-09-12 23:35:12.557447,2023-09-12 23:35:13.028804,0 days 00:00:00.471357,0.5,2.309594307396428,5,33,6.993966089154478,6.1685720500912105,0.7,FAIL
49,,2023-09-12 23:35:13.030806,2023-09-12 23:35:13.683603,0 days 00:00:00.652797,0.9,8.12223821664196,5,84,9.360563709480651,4.178807357635551,0.6,FAIL
50,,2023-09-12 23:35:13.685603,2023-09-12 23:35:14.264462,0 days 00:00:00.578859,0.9,3.761968429258667,3,71,1.977923470241301,4.90034413405842,0.7,FAIL
51,,2023-09-12 23:35:14.266462,2023-09-12 23:35:14.807345,0 days 00:00:00.540883,0.5,5.204619394991439,4,54,8.462968907120175,8.203548322895639,1.0,FAIL
52,,2023-09-12 23:35:14.808852,2023-09-12 23:35:15.412587,0 days 00:00:00.603735,0.9,1.5157178857332736,3,72,2.7778969558861277,1.6998629531268428,0.6,FAIL
53,,2023-09-12 23:35:15.414587,2023-09-12 23:35:16.107927,0 days 00:00:00.693340,0.9,3.1810252249797735,6,63,5.534462660982063,5.596689404260701,0.7,FAIL
54,,2023-09-12 23:35:16.109929,2023-09-12 23:35:16.523686,0 days 00:00:00.413757,0.9,7.39046922347919,5,73,3.3707843345951027,5.238379362680195,0.8,FAIL
55,,2023-09-12 23:35:16.524686,2023-09-12 23:35:17.218847,0 days 00:00:00.694161,0.5,8.277431091768115,4,87,3.225328301932312,9.816003615058536,0.8,FAIL
56,,2023-09-12 23:35:17.220848,2023-09-12 23:35:17.820913,0 days 00:00:00.600065,1.0,4.787057019076709,4,72,1.6343297623061095,8.812854602562822,1.0,FAIL
57,,2023-09-12 23:35:17.822914,2023-09-12 23:35:18.389220,0 days 00:00:00.566306,0.7,1.3264160097775388,4,17,5.806742196566156,9.3970424799646,0.6,FAIL
58,,2023-09-12 23:35:18.391222,2023-09-12 23:35:19.148376,0 days 00:00:00.757154,0.9,3.385762792727805,6,84,6.545941059137361,9.063540008990337,0.7,FAIL
59,,2023-09-12 23:35:19.150378,2023-09-12 23:35:19.609738,0 days 00:00:00.459360,0.9,4.24994215072905,4,96,7.653228191526999,2.7878194524752073,1.0,FAIL
60,,2023-09-12 23:35:19.611739,2023-09-12 23:35:20.320626,0 days 00:00:00.708887,0.7,1.1811282443974673,5,44,5.761331251869987,4.305409469293262,0.7,FAIL
61,,2023-09-12 23:35:20.321626,2023-09-12 23:35:20.821189,0 days 00:00:00.499563,1.0,1.6936374619110228,4,22,3.8347671168373614,5.894014167004024,0.8,FAIL
62,,2023-09-12 23:35:20.822189,2023-09-12 23:35:21.437657,0 days 00:00:00.615468,0.7,6.598655246070202,3,80,4.549193842829192,2.864180070100392,1.0,FAIL
63,,2023-09-12 23:35:21.439163,2023-09-12 23:35:22.190382,0 days 00:00:00.751219,1.0,5.250846817768954,6,85,9.491703173324888,1.2755979556354822,0.6,FAIL
64,,2023-09-12 23:35:22.191382,2023-09-12 23:35:22.853011,0 days 00:00:00.661629,0.7,3.3389979406211,6,81,5.804288994901925,3.7959909465883905,1.0,FAIL
65,,2023-09-12 23:35:22.855010,2023-09-12 23:35:23.391783,0 days 00:00:00.536773,0.9,9.282157854856925,5,75,5.192270747335898,2.7302670950852206,1.0,FAIL
66,,2023-09-12 23:35:23.393782,2023-09-12 23:35:23.999740,0 days 00:00:00.605958,0.5,8.79912344442576,6,47,5.7047010542404095,3.3374667687883273,0.7,FAIL
67,,2023-09-12 23:35:24.001741,2023-09-12 23:35:24.641458,0 days 00:00:00.639717,0.9,4.389804167671041,3,51,3.0885727345897602,6.110316802102758,0.6,FAIL
68,,2023-09-12 23:35:24.643457,2023-09-12 23:35:25.035609,0 days 00:00:00.392152,0.5,9.730333080595056,3,45,7.509096376864875,7.513034337280402,1.0,FAIL
69,,2023-09-12 23:35:25.037609,2023-09-12 23:35:25.765665,0 days 00:00:00.728056,1.0,9.793791131618358,5,57,3.1643539669039638,3.9749082561352873,0.6,FAIL
70,,2023-09-12 23:35:25.768169,2023-09-12 23:35:26.387696,0 days 00:00:00.619527,0.7,3.171580861115115,6,50,7.45088479777181,1.4350879089370938,0.7,FAIL
71,,2023-09-12 23:35:26.389707,2023-09-12 23:35:27.150161,0 days 00:00:00.760454,0.9,3.8077443490742136,5,47,6.678345545482568,8.879222985365253,0.6,FAIL
72,,2023-09-12 23:35:27.151161,2023-09-12 23:35:27.844750,0 days 00:00:00.693589,1.0,8.733521187621449,5,86,9.486688257607701,9.551844603657484,0.6,FAIL
73,,2023-09-12 23:35:27.846750,2023-09-12 23:35:28.399671,0 days 00:00:00.552921,0.9,9.288840722997222,5,32,4.617463457049178,6.431435880026663,0.8,FAIL
74,,2023-09-12 23:35:28.401672,2023-09-12 23:35:29.091559,0 days 00:00:00.689887,1.0,7.809425863042056,4,53,6.179697080020523,7.900830259443067,0.7,FAIL
75,,2023-09-12 23:35:29.093558,2023-09-12 23:35:29.742768,0 days 00:00:00.649210,0.5,1.5889450813169546,6,5,7.651776146598181,8.327186093820227,0.6,FAIL
76,,2023-09-12 23:35:29.744768,2023-09-12 23:35:30.385058,0 days 00:00:00.640290,1.0,8.676526694317143,5,23,2.5811890814656184,4.574128888634977,0.7,FAIL
77,,2023-09-12 23:35:30.386057,2023-09-12 23:35:30.954185,0 days 00:00:00.568128,0.5,6.419932089401471,6,63,8.518233188384055,7.82292041281446,1.0,FAIL
78,,2023-09-12 23:35:30.956185,2023-09-12 23:35:31.522092,0 days 00:00:00.565907,0.9,2.2194069525895888,5,92,8.51575900626542,7.736716816217378,1.0,FAIL
79,,2023-09-12 23:35:31.523091,2023-09-12 23:35:32.151827,0 days 00:00:00.628736,1.0,4.798893546446368,3,56,5.2111452064888795,6.975495789224826,0.7,FAIL
80,,2023-09-12 23:35:32.153827,2023-09-12 23:35:32.625738,0 days 00:00:00.471911,0.9,9.07493331979748,3,3,3.2531655716899333,9.12279887761634,0.7,FAIL
81,,2023-09-12 23:35:32.628243,2023-09-12 23:35:33.145925,0 days 00:00:00.517682,0.7,1.263035459327073,5,3,5.827605883308155,8.360740266476128,0.7,FAIL
82,,2023-09-12 23:35:33.148442,2023-09-12 23:35:33.637656,0 days 00:00:00.489214,0.9,8.215929171048352,6,15,8.086847843633848,3.3965697478658816,0.8,FAIL
83,,2023-09-12 23:35:33.639668,2023-09-12 23:35:34.174365,0 days 00:00:00.534697,1.0,5.526836505229469,4,23,3.5242920333978587,7.140834270947337,0.8,FAIL
84,,2023-09-12 23:35:34.176366,2023-09-12 23:35:34.905295,0 days 00:00:00.728929,1.0,1.3691068838030707,3,88,3.086593060814934,7.761264488542698,0.7,FAIL
85,,2023-09-12 23:35:34.908313,2023-09-12 23:35:35.366309,0 days 00:00:00.457996,0.7,2.2179201199597673,6,27,3.151120768369502,1.1204974403241197,1.0,FAIL
86,,2023-09-12 23:35:35.367815,2023-09-12 23:35:35.853247,0 days 00:00:00.485432,0.5,6.275169769079185,6,91,7.849303421003637,3.346698296231354,0.8,FAIL
87,,2023-09-12 23:35:35.854247,2023-09-12 23:35:36.452913,0 days 00:00:00.598666,0.7,7.058240463864872,6,97,6.290441920125902,5.636755413011519,0.7,FAIL
88,,2023-09-12 23:35:36.454913,2023-09-12 23:35:37.125322,0 days 00:00:00.670409,1.0,8.637046222372497,3,93,3.882999025535427,4.584061487156093,0.8,FAIL
89,,2023-09-12 23:35:37.127826,2023-09-12 23:35:37.869991,0 days 00:00:00.742165,0.5,5.4704121279437645,3,94,5.844447977462439,6.857548091701709,1.0,FAIL
90,,2023-09-12 23:35:37.870991,2023-09-12 23:35:38.383001,0 days 00:00:00.512010,0.9,6.158816085558566,4,5,4.262168547163333,4.476840991875461,0.6,FAIL
91,,2023-09-12 23:35:38.385001,2023-09-12 23:35:38.886610,0 days 00:00:00.501609,0.9,4.8559147325078404,4,76,4.416434703521444,3.2397950827880404,1.0,FAIL
92,,2023-09-12 23:35:38.889117,2023-09-12 23:35:39.363162,0 days 00:00:00.474045,0.7,9.009919177491719,4,4,2.9215440535057726,1.5820899914438546,0.7,FAIL
93,,2023-09-12 23:35:39.365162,2023-09-12 23:35:39.955084,0 days 00:00:00.589922,1.0,3.411023669364595,4,53,1.5527452335667289,2.099881413540386,0.6,FAIL
94,,2023-09-12 23:35:39.956084,2023-09-12 23:35:40.500740,0 days 00:00:00.544656,0.5,8.768580794293708,3,90,6.3483047394786905,7.574085864671708,0.8,FAIL
95,,2023-09-12 23:35:40.501740,2023-09-12 23:35:41.086062,0 days 00:00:00.584322,1.0,2.217449814412229,6,12,8.673043910292462,3.2074577341497825,0.7,FAIL
96,,2023-09-12 23:35:41.088579,2023-09-12 23:35:41.599036,0 days 00:00:00.510457,0.7,5.592134951545802,5,21,9.37145567733901,5.9934866572806085,0.6,FAIL
97,,2023-09-12 23:35:41.601037,2023-09-12 23:35:42.244902,0 days 00:00:00.643865,0.9,8.761053160108435,3,81,3.5440378870991855,7.67626173070432,0.8,FAIL
98,,2023-09-12 23:35:42.245901,2023-09-12 23:35:42.753445,0 days 00:00:00.507544,0.5,5.344063164894299,5,31,2.4409402753484746,9.846858552429595,0.8,FAIL
99,,2023-09-12 23:35:42.755445,2023-09-12 23:35:43.224452,0 days 00:00:00.469007,0.7,1.293974213709231,3,31,5.099362567345024,1.7806136796819092,0.6,FAIL
100,,2023-09-12 23:35:43.226452,2023-09-12 23:35:43.646349,0 days 00:00:00.419897,0.5,6.254773050859097,6,74,4.016674576654033,1.3128518312771411,1.0,FAIL
101,,2023-09-12 23:35:43.647853,2023-09-12 23:35:44.137868,0 days 00:00:00.490015,0.7,1.7845115661118658,5,68,1.3326596689328774,4.3247324091447705,1.0,FAIL
102,,2023-09-12 23:35:44.139870,2023-09-12 23:35:44.565937,0 days 00:00:00.426067,0.7,4.1040217535959735,5,36,2.1190885710970813,8.429140662355914,1.0,FAIL
103,,2023-09-12 23:35:44.567505,2023-09-12 23:35:45.160188,0 days 00:00:00.592683,0.9,3.1479404705580545,4,28,6.306559994899102,1.8681170958445965,1.0,FAIL
104,,2023-09-12 23:35:45.162188,2023-09-12 23:35:45.634130,0 days 00:00:00.471942,1.0,4.691113760472653,6,5,3.743501646590263,3.5170300902373466,1.0,FAIL
105,,2023-09-12 23:35:45.635130,2023-09-12 23:35:46.118166,0 days 00:00:00.483036,0.5,5.854040485681509,6,57,5.923260156100418,1.7139279761834905,0.8,FAIL
106,,2023-09-12 23:35:46.119168,2023-09-12 23:35:46.637597,0 days 00:00:00.518429,0.5,3.160188127283797,6,2,3.422923599121218,5.275305004747341,0.7,FAIL
107,,2023-09-12 23:35:46.639104,2023-09-12 23:35:47.114738,0 days 00:00:00.475634,0.7,2.221531619793908,4,3,1.6769665431066478,3.7449799925124845,0.6,FAIL
108,,2023-09-12 23:35:47.116738,2023-09-12 23:35:47.681261,0 days 00:00:00.564523,0.5,1.2689422332529239,3,91,7.981557733852608,7.2280426273063,0.6,FAIL
109,,2023-09-12 23:35:47.683261,2023-09-12 23:35:48.352213,0 days 00:00:00.668952,0.9,2.298325196992037,4,78,9.439823732042315,9.859905650159735,0.7,FAIL
110,,2023-09-12 23:35:48.353211,2023-09-12 23:35:48.937454,0 days 00:00:00.584243,0.9,5.004911360651418,5,1,8.959841319692085,9.59439281813338,0.8,FAIL
111,,2023-09-12 23:35:48.940489,2023-09-12 23:35:49.557794,0 days 00:00:00.617305,1.0,3.0452336516843155,5,2,5.018902924414494,6.294791467712497,0.7,FAIL
112,,2023-09-12 23:35:49.558811,2023-09-12 23:35:50.051770,0 days 00:00:00.492959,0.9,7.331464925740654,4,2,2.643957577921287,5.504191860798455,0.6,FAIL
113,,2023-09-12 23:35:50.052770,2023-09-12 23:35:50.489212,0 days 00:00:00.436442,0.9,7.46867652411483,6,36,1.8627490636160142,3.4403270149378233,1.0,FAIL
114,,2023-09-12 23:35:50.490213,2023-09-12 23:35:50.919245,0 days 00:00:00.429032,0.9,9.849384891435943,6,49,1.1138844206519423,1.8528741549762229,1.0,FAIL
115,,2023-09-12 23:35:50.920246,2023-09-12 23:35:51.393800,0 days 00:00:00.473554,0.5,2.7767107644971434,6,20,7.614167410840887,5.394236791971883,1.0,FAIL
116,,2023-09-12 23:35:51.395800,2023-09-12 23:35:51.983376,0 days 00:00:00.587576,0.7,8.644346227976193,6,16,3.0049630036520227,2.7505456010725373,1.0,FAIL
117,,2023-09-12 23:35:51.984376,2023-09-12 23:35:52.527353,0 days 00:00:00.542977,0.7,3.2565351058928753,4,67,2.853197397273573,9.380387150529337,0.6,FAIL
118,,2023-09-12 23:35:52.528859,2023-09-12 23:35:53.040880,0 days 00:00:00.512021,0.7,6.5054628724485095,3,95,5.853708304413184,4.69316094713832,0.8,FAIL
119,,2023-09-12 23:35:53.042880,2023-09-12 23:35:53.496235,0 days 00:00:00.453355,1.0,8.35926457047426,4,46,1.193561464759243,6.749327259180523,0.8,FAIL
120,,2023-09-12 23:35:53.498756,2023-09-12 23:35:53.993761,0 days 00:00:00.495005,0.9,2.772895215691018,4,46,4.552490435484378,1.13338299727969,1.0,FAIL
121,,2023-09-12 23:35:53.995760,2023-09-12 23:35:54.633945,0 days 00:00:00.638185,0.9,5.67086509122036,3,48,5.533867689688751,2.7548034575927134,0.8,FAIL
122,,2023-09-12 23:35:54.635945,2023-09-12 23:35:55.137540,0 days 00:00:00.501595,1.0,9.702249873864604,6,74,8.544162403525482,1.2456806642566085,0.8,FAIL
123,,2023-09-12 23:35:55.138550,2023-09-12 23:35:55.890637,0 days 00:00:00.752087,0.9,3.8537573958769524,5,54,5.415412728430921,9.155996648650017,0.7,FAIL
124,,2023-09-12 23:35:55.892637,2023-09-12 23:35:56.403358,0 days 00:00:00.510721,0.5,2.86467551932279,5,74,9.617803674052947,8.400139378349397,1.0,FAIL
125,,2023-09-12 23:35:56.405358,2023-09-12 23:35:56.846703,0 days 00:00:00.441345,0.5,5.082169474810414,4,8,4.046194503212005,1.1771387622127687,0.6,FAIL
126,,2023-09-12 23:35:56.848716,2023-09-12 23:35:57.339224,0 days 00:00:00.490508,0.9,6.307309126814253,3,88,5.51682937577789,8.944697354828438,0.6,FAIL
127,,2023-09-12 23:35:57.341225,2023-09-12 23:35:58.022233,0 days 00:00:00.681008,0.9,1.397568728079074,4,31,2.24060299913661,9.984406860455081,0.8,FAIL
128,,2023-09-12 23:35:58.023233,2023-09-12 23:35:58.727752,0 days 00:00:00.704519,1.0,7.8760429366157965,6,88,8.040533605665399,6.162988079922333,0.7,FAIL
129,,2023-09-12 23:35:58.729260,2023-09-12 23:35:59.336438,0 days 00:00:00.607178,0.9,9.693891443258098,5,54,9.75450997161446,2.722155722990248,0.6,FAIL
130,,2023-09-12 23:35:59.337942,2023-09-12 23:36:00.066631,0 days 00:00:00.728689,0.7,6.060220152173825,6,96,3.5607627160914403,4.016982231893152,1.0,FAIL
131,,2023-09-12 23:36:00.068136,2023-09-12 23:36:00.829375,0 days 00:00:00.761239,0.9,1.1694120687921623,4,82,6.135411274736747,9.011401006288025,0.8,FAIL
132,,2023-09-12 23:36:00.830376,2023-09-12 23:36:01.397578,0 days 00:00:00.567202,0.5,2.6746084233977268,4,66,4.435971799236332,3.7575548318913596,0.6,FAIL
133,,2023-09-12 23:36:01.399085,2023-09-12 23:36:01.868219,0 days 00:00:00.469134,1.0,2.7067871740347607,5,41,3.3966333273189537,3.1945483390864506,0.8,FAIL
134,,2023-09-12 23:36:01.869221,2023-09-12 23:36:02.439392,0 days 00:00:00.570171,0.9,9.942388124305115,3,72,3.092304627134021,5.737721753458067,1.0,FAIL
135,,2023-09-12 23:36:02.440395,2023-09-12 23:36:02.949012,0 days 00:00:00.508617,1.0,9.542530987927975,5,66,5.547884116525918,2.327509596996957,0.8,FAIL
136,,2023-09-12 23:36:02.951013,2023-09-12 23:36:03.455396,0 days 00:00:00.504383,0.5,4.160473837944887,6,46,7.082118005720943,7.873963128019663,0.8,FAIL
137,,2023-09-12 23:36:03.457458,2023-09-12 23:36:04.120392,0 days 00:00:00.662934,0.9,5.344353982539463,6,12,4.62577036503559,3.383370918537765,1.0,FAIL
138,,2023-09-12 23:36:04.122393,2023-09-12 23:36:04.698632,0 days 00:00:00.576239,0.5,1.6710595177821732,4,93,2.72556494043058,1.4040211769373236,0.8,FAIL
139,,2023-09-12 23:36:04.700633,2023-09-12 23:36:05.391473,0 days 00:00:00.690840,0.7,7.6909509386684265,3,90,9.536081967922401,9.105677382279119,1.0,FAIL
140,,2023-09-12 23:36:05.393473,2023-09-12 23:36:05.980060,0 days 00:00:00.586587,1.0,4.302436096679456,4,29,4.119627327956266,7.5020832631755185,0.6,FAIL
141,,2023-09-12 23:36:05.981060,2023-09-12 23:36:06.598410,0 days 00:00:00.617350,1.0,5.303068639277792,3,65,2.444035524506376,2.0162614022270464,0.6,FAIL
142,,2023-09-12 23:36:06.600411,2023-09-12 23:36:07.193058,0 days 00:00:00.592647,0.5,3.5145871416031746,3,3,8.783326577585205,3.5921576605309498,0.8,FAIL
143,,2023-09-12 23:36:07.195057,2023-09-12 23:36:07.881727,0 days 00:00:00.686670,1.0,7.337138857693866,5,66,5.810794094421858,8.179184585990953,0.6,FAIL
144,,2023-09-12 23:36:07.882727,2023-09-12 23:36:08.425442,0 days 00:00:00.542715,0.7,8.917330319088705,3,61,1.5373718251690351,4.463314847215107,0.7,FAIL
145,,2023-09-12 23:36:08.427442,2023-09-12 23:36:08.932535,0 days 00:00:00.505093,1.0,1.828991560079508,4,9,8.609517396629123,3.408535951871441,0.6,FAIL
146,,2023-09-12 23:36:08.934535,2023-09-12 23:36:09.793722,0 days 00:00:00.859187,0.5,3.056549142364697,3,56,4.096748437684077,9.788624833963823,1.0,FAIL
147,,2023-09-12 23:36:09.795722,2023-09-12 23:36:10.315015,0 days 00:00:00.519293,0.7,6.350141073824794,6,13,4.876721391757295,7.215633132785065,0.8,FAIL
148,,2023-09-12 23:36:10.317520,2023-09-12 23:36:10.823841,0 days 00:00:00.506321,0.7,2.882395298791126,3,35,6.315082097711841,2.976586513988531,0.6,FAIL
149,,2023-09-12 23:36:10.825840,2023-09-12 23:36:11.461579,0 days 00:00:00.635739,0.5,8.09685920617656,6,77,2.6296041911777364,9.436140971525981,0.6,FAIL
150,,2023-09-12 23:36:11.462579,2023-09-12 23:36:11.987975,0 days 00:00:00.525396,0.7,4.194858402087869,4,9,6.1538707765574125,1.7586653978787412,0.6,FAIL
151,,2023-09-12 23:36:11.989976,2023-09-12 23:36:12.606403,0 days 00:00:00.616427,0.5,3.9761049811735574,6,55,3.742113987184589,9.427615588859924,0.6,FAIL
152,,2023-09-12 23:36:12.608909,2023-09-12 23:36:13.161081,0 days 00:00:00.552172,0.9,4.305450046150085,3,18,6.934184147802972,1.704614852025724,0.7,FAIL
153,,2023-09-12 23:36:13.163081,2023-09-12 23:36:13.759654,0 days 00:00:00.596573,0.7,3.577041823146442,6,35,2.7768061048506034,2.2263621537085623,0.6,FAIL
154,,2023-09-12 23:36:13.761656,2023-09-12 23:36:14.376488,0 days 00:00:00.614832,1.0,3.223002463398485,4,50,2.979641378096787,4.65702380103568,0.7,FAIL
155,,2023-09-12 23:36:14.378994,2023-09-12 23:36:14.916080,0 days 00:00:00.537086,0.7,2.621799101341751,6,93,1.5797705467014165,4.8686143619265,1.0,FAIL
156,,2023-09-12 23:36:14.917586,2023-09-12 23:36:15.502633,0 days 00:00:00.585047,0.9,4.772394477773787,3,66,8.343689028382482,2.832194954667699,1.0,FAIL
157,,2023-09-12 23:36:15.504633,2023-09-12 23:36:15.922458,0 days 00:00:00.417825,0.5,5.5311176947665235,4,28,8.61528159280644,2.016892705102896,0.7,FAIL
158,,2023-09-12 23:36:15.923458,2023-09-12 23:36:16.554635,0 days 00:00:00.631177,1.0,1.5111461406829205,4,52,5.759672438448257,1.3818811292494928,0.7,FAIL
159,,2023-09-12 23:36:16.556635,2023-09-12 23:36:17.043586,0 days 00:00:00.486951,0.7,3.8659155137600845,4,68,2.950334625450668,2.909204269787522,0.8,FAIL
160,,2023-09-12 23:36:17.045586,2023-09-12 23:36:17.513624,0 days 00:00:00.468038,1.0,4.728913364941035,5,49,5.152514883212929,7.415487804877234,1.0,FAIL
161,,2023-09-12 23:36:17.515624,2023-09-12 23:36:17.839230,0 days 00:00:00.323606,0.5,7.308125738487925,4,15,6.546109474362321,3.077374968430866,1.0,FAIL
162,,2023-09-12 23:36:17.840232,2023-09-12 23:36:18.454954,0 days 00:00:00.614722,0.7,3.286842530865621,3,50,2.5209947950856058,7.725783840461601,0.8,FAIL
163,,2023-09-12 23:36:18.455954,2023-09-12 23:36:18.950383,0 days 00:00:00.494429,0.5,2.397023963960006,6,2,5.659394895560885,6.793951451420121,0.7,FAIL
164,,2023-09-12 23:36:18.952383,2023-09-12 23:36:19.492479,0 days 00:00:00.540096,0.5,8.806796858123043,4,97,2.3669109334099514,2.9686389409311715,0.6,FAIL
165,,2023-09-12 23:36:19.493478,2023-09-12 23:36:20.192484,0 days 00:00:00.699006,1.0,6.58905869134587,4,63,7.333719558603056,8.500541038459849,0.7,FAIL
166,,2023-09-12 23:36:20.194483,2023-09-12 23:36:20.728585,0 days 00:00:00.534102,0.7,4.602972655343333,6,86,6.762091626296808,5.509669046337568,0.8,FAIL
167,,2023-09-12 23:36:20.730586,2023-09-12 23:36:21.309257,0 days 00:00:00.578671,0.5,2.6616796194367587,3,32,7.506642676750831,7.685447073239685,0.8,FAIL
168,,2023-09-12 23:36:21.311258,2023-09-12 23:36:21.851290,0 days 00:00:00.540032,1.0,4.2703154305757485,6,26,1.128998321893635,6.895222014683499,1.0,FAIL
169,,2023-09-12 23:36:21.852289,2023-09-12 23:36:22.463043,0 days 00:00:00.610754,1.0,1.4547000790975968,5,79,3.280061195796189,3.603504927232004,0.7,FAIL
170,,2023-09-12 23:36:22.464043,2023-09-12 23:36:23.139077,0 days 00:00:00.675034,0.5,8.80436493735118,3,50,8.740503754436556,2.6165355142245827,0.7,FAIL
171,,2023-09-12 23:36:23.141078,2023-09-12 23:36:23.761924,0 days 00:00:00.620846,0.9,5.057760542205598,5,65,8.086933907698288,1.4419906027085538,1.0,FAIL
172,,2023-09-12 23:36:23.762924,2023-09-12 23:36:24.285336,0 days 00:00:00.522412,0.5,8.258387053540446,3,66,5.87924947946951,5.0733966871547125,0.6,FAIL
173,,2023-09-12 23:36:24.287336,2023-09-12 23:36:24.827756,0 days 00:00:00.540420,0.7,1.157128798848297,6,69,9.607061405726544,5.820670430391789,1.0,FAIL
174,,2023-09-12 23:36:24.828771,2023-09-12 23:36:25.702418,0 days 00:00:00.873647,0.5,8.286953113702822,3,87,1.6130793578664382,4.186673200158955,0.8,FAIL
175,,2023-09-12 23:36:25.703418,2023-09-12 23:36:26.196285,0 days 00:00:00.492867,0.9,3.462343452598784,6,40,3.0737857625268123,9.602626681985665,0.8,FAIL
176,,2023-09-12 23:36:26.197790,2023-09-12 23:36:26.778356,0 days 00:00:00.580566,0.5,7.0611946453986665,6,60,6.645712507348854,3.7112255201859763,0.6,FAIL
177,,2023-09-12 23:36:26.779355,2023-09-12 23:36:27.454184,0 days 00:00:00.674829,1.0,3.5299303958245694,3,45,1.336523420291928,4.566197656189698,0.8,FAIL
178,,2023-09-12 23:36:27.455183,2023-09-12 23:36:27.889535,0 days 00:00:00.434352,0.9,1.2253968808256142,5,14,3.212791664309925,2.378886046276814,0.8,FAIL
179,,2023-09-12 23:36:27.891536,2023-09-12 23:36:28.407585,0 days 00:00:00.516049,0.9,7.285801659059702,4,88,4.702618973620008,7.7198927206336005,0.8,FAIL
180,,2023-09-12 23:36:28.409596,2023-09-12 23:36:28.912089,0 days 00:00:00.502493,1.0,2.2790879653041896,4,71,4.403527218740335,5.677659142953305,0.8,FAIL
181,,2023-09-12 23:36:28.913089,2023-09-12 23:36:29.507647,0 days 00:00:00.594558,1.0,6.0314744648534315,3,10,7.377290605465804,3.5380356112156934,0.6,FAIL
182,,2023-09-12 23:36:29.509660,2023-09-12 23:36:30.045415,0 days 00:00:00.535755,0.5,9.399003998531649,4,3,1.210549315563684,8.965843756795266,0.6,FAIL
183,,2023-09-12 23:36:30.047920,2023-09-12 23:36:30.595038,0 days 00:00:00.547118,1.0,7.307622834617603,3,14,5.012863658753913,9.385724592309009,0.7,FAIL
184,,2023-09-12 23:36:30.596038,2023-09-12 23:36:31.069660,0 days 00:00:00.473622,0.7,3.371288637956682,4,43,2.4717796220046786,9.03817839621848,1.0,FAIL
185,,2023-09-12 23:36:31.070661,2023-09-12 23:36:31.648676,0 days 00:00:00.578015,0.9,1.8507980164420372,3,46,2.3493353720742265,2.171494401840935,0.7,FAIL
186,,2023-09-12 23:36:31.649676,2023-09-12 23:36:32.087372,0 days 00:00:00.437696,0.5,6.820939058479181,6,79,7.366942867148542,5.245278335161452,1.0,FAIL
187,,2023-09-12 23:36:32.088878,2023-09-12 23:36:32.746103,0 days 00:00:00.657225,0.9,5.050688970096895,4,70,3.6307800522783533,5.844783946562169,0.6,FAIL
188,,2023-09-12 23:36:32.747607,2023-09-12 23:36:33.399284,0 days 00:00:00.651677,0.7,7.379872486867219,5,96,9.198343169732189,6.199904759836935,0.6,FAIL
189,,2023-09-12 23:36:33.400285,2023-09-12 23:36:33.979396,0 days 00:00:00.579111,0.7,5.135883992828827,6,17,9.247017567691698,7.560460090963867,0.6,FAIL
190,,2023-09-12 23:36:33.981397,2023-09-12 23:36:34.667880,0 days 00:00:00.686483,1.0,2.5231604241048227,5,55,7.536209037131918,3.606369603636186,1.0,FAIL
191,,2023-09-12 23:36:34.669881,2023-09-12 23:36:35.351279,0 days 00:00:00.681398,0.9,8.33712060994791,6,8,4.573251250544429,4.71440801853224,0.7,FAIL
192,,2023-09-12 23:36:35.352279,2023-09-12 23:36:35.740695,0 days 00:00:00.388416,0.7,2.876274665663935,5,22,3.0009008901224714,8.020840838130258,1.0,FAIL
193,,2023-09-12 23:36:35.741695,2023-09-12 23:36:36.356203,0 days 00:00:00.614508,0.5,3.6556101846451083,5,65,1.5035070309208147,5.156075258931155,0.8,FAIL
194,,2023-09-12 23:36:36.357707,2023-09-12 23:36:36.850676,0 days 00:00:00.492969,1.0,3.44581031548873,5,23,3.693307564890918,5.778458777599112,0.7,FAIL
195,,2023-09-12 23:36:36.851675,2023-09-12 23:36:37.525904,0 days 00:00:00.674229,0.9,2.692782723055408,5,19,9.19993405682368,9.862936755089429,1.0,FAIL
196,,2023-09-12 23:36:37.527409,2023-09-12 23:36:38.148677,0 days 00:00:00.621268,0.9,4.733116352922039,3,40,8.131377778785286,9.406670450647589,0.8,FAIL
197,,2023-09-12 23:36:38.149677,2023-09-12 23:36:38.666155,0 days 00:00:00.516478,1.0,9.498527913096652,6,27,4.8257760154715275,1.471403108603847,0.7,FAIL
198,,2023-09-12 23:36:38.668669,2023-09-12 23:36:39.219741,0 days 00:00:00.551072,0.7,3.8680435973485343,5,87,3.5708741470907577,4.606259840937811,0.7,FAIL
199,,2023-09-12 23:36:39.221322,2023-09-12 23:36:39.825183,0 days 00:00:00.603861,1.0,3.025783930373008,3,57,3.1605224656185986,1.2847004684221166,0.7,FAIL
200,,2023-09-12 23:36:39.827688,2023-09-12 23:36:40.416389,0 days 00:00:00.588701,0.7,8.852326678829902,6,60,7.306368236539408,5.034537843899683,0.6,FAIL
201,,2023-09-12 23:36:40.417892,2023-09-12 23:36:41.025982,0 days 00:00:00.608090,1.0,7.121650665459065,5,83,9.666846141200862,8.082707966828911,0.7,FAIL
202,,2023-09-12 23:36:41.028496,2023-09-12 23:36:41.517670,0 days 00:00:00.489174,0.9,8.431655927585657,3,43,8.133731209862852,6.10504373959198,1.0,FAIL
203,,2023-09-12 23:36:41.519671,2023-09-12 23:36:42.193628,0 days 00:00:00.673957,0.9,1.0436443078364208,5,63,8.993542121723259,9.045062034462092,0.6,FAIL
204,,2023-09-12 23:36:42.194628,2023-09-12 23:36:42.779498,0 days 00:00:00.584870,0.5,3.8357421966100893,4,29,3.545830514537679,6.238641907033964,0.8,FAIL
205,,2023-09-12 23:36:42.781501,2023-09-12 23:36:43.205912,0 days 00:00:00.424411,1.0,6.351243552486906,5,10,5.421852253299875,4.972330332771076,1.0,FAIL
206,,2023-09-12 23:36:43.207418,2023-09-12 23:36:43.757394,0 days 00:00:00.549976,0.7,2.2322201639712067,4,30,7.5959182899092275,6.961159830158547,0.7,FAIL
207,,2023-09-12 23:36:43.758901,2023-09-12 23:36:44.281525,0 days 00:00:00.522624,1.0,8.217236771146139,3,14,5.648611255383831,3.237846800384251,0.7,FAIL
208,,2023-09-12 23:36:44.283525,2023-09-12 23:36:44.919805,0 days 00:00:00.636280,1.0,5.045854954792916,6,95,5.748593161466409,6.208447173324548,0.7,FAIL
209,,2023-09-12 23:36:44.921807,2023-09-12 23:36:45.589773,0 days 00:00:00.667966,1.0,9.425101492596134,3,43,9.025260773917918,2.1800513709848746,0.8,FAIL
210,,2023-09-12 23:36:45.591775,2023-09-12 23:36:46.106486,0 days 00:00:00.514711,0.5,4.40456924899129,3,93,2.1485712828644172,9.01396867907876,0.6,FAIL
211,,2023-09-12 23:36:46.107990,2023-09-12 23:36:46.845934,0 days 00:00:00.737944,0.9,1.8611234337334615,5,34,6.468390375786315,6.707882928164192,0.6,FAIL
212,,2023-09-12 23:36:46.847438,2023-09-12 23:36:47.353971,0 days 00:00:00.506533,0.7,7.561633238391866,3,89,8.182764991897606,7.241644693006219,0.6,FAIL
213,,2023-09-12 23:36:47.354971,2023-09-12 23:36:47.784681,0 days 00:00:00.429710,0.5,3.0339771133899,3,4,2.07605979523803,6.63499938996325,1.0,FAIL
214,,2023-09-12 23:36:47.786681,2023-09-12 23:36:48.228032,0 days 00:00:00.441351,0.5,7.557954627028268,4,51,7.986280898065922,1.4347611585775963,1.0,FAIL
215,,2023-09-12 23:36:48.230036,2023-09-12 23:36:48.895707,0 days 00:00:00.665671,0.9,4.862864078735844,4,46,1.0034695389365225,1.8963168110730182,0.6,FAIL
216,,2023-09-12 23:36:48.897707,2023-09-12 23:36:49.640634,0 days 00:00:00.742927,0.7,3.862778362858564,3,9,8.880630724517705,3.183752256253225,0.7,FAIL
217,,2023-09-12 23:36:49.641634,2023-09-12 23:36:50.220285,0 days 00:00:00.578651,0.7,8.808451101166085,6,54,4.936635047356139,2.0419209899042228,0.6,FAIL
218,,2023-09-12 23:36:50.222284,2023-09-12 23:36:50.870560,0 days 00:00:00.648276,0.9,1.4901033965763135,6,54,2.1617307276764848,4.046644095513225,0.7,FAIL
219,,2023-09-12 23:36:50.871560,2023-09-12 23:36:51.495928,0 days 00:00:00.624368,1.0,3.1960777360594164,4,94,1.9199062291802669,8.719815102885505,0.8,FAIL
220,,2023-09-12 23:36:51.497498,2023-09-12 23:36:52.240660,0 days 00:00:00.743162,1.0,3.289109321281484,4,56,8.565304233034661,6.62701853057225,0.8,FAIL
221,,2023-09-12 23:36:52.242660,2023-09-12 23:36:52.814448,0 days 00:00:00.571788,0.9,9.29848108326767,5,11,5.3103490201186805,9.963435672212963,0.6,FAIL
222,,2023-09-12 23:36:52.815448,2023-09-12 23:36:53.309612,0 days 00:00:00.494164,0.7,6.9841353622112194,4,51,9.440772037417489,8.042367106706347,1.0,FAIL
223,,2023-09-12 23:36:53.310614,2023-09-12 23:36:53.894943,0 days 00:00:00.584329,0.9,8.2619146288731,3,75,6.344115960017003,9.635892497905758,0.7,FAIL
224,,2023-09-12 23:36:53.895944,2023-09-12 23:36:54.521947,0 days 00:00:00.626003,0.9,6.6668103216029015,6,70,3.868966400002635,4.636445368414972,1.0,FAIL
225,,2023-09-12 23:36:54.524947,2023-09-12 23:36:55.183145,0 days 00:00:00.658198,0.9,1.3788753927637956,4,65,3.4166112830340585,5.153692104209621,1.0,FAIL
226,,2023-09-12 23:36:55.185144,2023-09-12 23:36:55.828855,0 days 00:00:00.643711,0.9,3.837479945093016,3,67,3.3945065636930183,7.119111024101241,0.8,FAIL
227,,2023-09-12 23:36:55.830857,2023-09-12 23:36:56.222423,0 days 00:00:00.391566,0.5,1.0048197907445107,5,8,4.259791085003913,8.868968858367623,1.0,FAIL
228,,2023-09-12 23:36:56.224423,2023-09-12 23:36:56.794126,0 days 00:00:00.569703,1.0,6.584036429713263,6,9,2.447758469815099,4.411097519518584,1.0,FAIL
229,,2023-09-12 23:36:56.796126,2023-09-12 23:36:57.421971,0 days 00:00:00.625845,0.9,7.749592062408309,3,98,2.5230350092160005,5.115393648440079,0.7,FAIL
230,,2023-09-12 23:36:57.423971,2023-09-12 23:36:57.988757,0 days 00:00:00.564786,0.5,3.757839224435792,5,37,4.346682899394625,9.571335309479656,0.7,FAIL
231,,2023-09-12 23:36:57.990759,2023-09-12 23:36:58.590373,0 days 00:00:00.599614,0.5,1.6798124708289006,6,11,1.4787227944899972,8.236558210884542,1.0,FAIL
232,,2023-09-12 23:36:58.592373,2023-09-12 23:36:59.106496,0 days 00:00:00.514123,0.5,3.284370126440696,6,36,5.472889364460396,4.755619593193292,0.7,FAIL
233,,2023-09-12 23:36:59.108001,2023-09-12 23:36:59.465603,0 days 00:00:00.357602,0.9,1.0463447292554782,3,34,8.490654520642337,2.8734409842992594,1.0,FAIL
234,,2023-09-12 23:36:59.467603,2023-09-12 23:37:00.144979,0 days 00:00:00.677376,1.0,6.848089156493623,6,4,4.827316054786975,4.325888400951248,0.6,FAIL
235,,2023-09-12 23:37:00.145979,2023-09-12 23:37:00.767422,0 days 00:00:00.621443,1.0,3.79755414459497,3,87,8.93407264882767,1.5995890813792297,0.7,FAIL
236,,2023-09-12 23:37:00.768432,2023-09-12 23:37:01.293945,0 days 00:00:00.525513,0.9,1.040203309451869,6,44,3.468142379446486,8.341752787217214,0.7,FAIL
237,,2023-09-12 23:37:01.295945,2023-09-12 23:37:01.771450,0 days 00:00:00.475505,0.5,7.176200291763904,6,81,8.604603940425418,7.723805654583908,0.8,FAIL
238,,2023-09-12 23:37:01.774450,2023-09-12 23:37:02.363743,0 days 00:00:00.589293,0.9,2.1025319227693213,4,72,3.666080254382798,1.2684567526170167,1.0,FAIL
239,,2023-09-12 23:37:02.364742,2023-09-12 23:37:02.917426,0 days 00:00:00.552684,0.5,3.018550082550039,5,59,2.5484756770079633,1.339627626496477,0.6,FAIL
240,,2023-09-12 23:37:02.918427,2023-09-12 23:37:03.491997,0 days 00:00:00.573570,0.5,2.637174593612845,3,11,8.539446210904686,9.701085037040837,0.8,FAIL
241,,2023-09-12 23:37:03.493997,2023-09-12 23:37:03.949045,0 days 00:00:00.455048,1.0,5.098049627911179,5,15,4.664558304950805,7.989584188700949,0.8,FAIL
242,,2023-09-12 23:37:03.951047,2023-09-12 23:37:04.795178,0 days 00:00:00.844131,0.7,5.670891171305339,3,55,6.2348513817151225,9.291894680195789,1.0,FAIL
243,,2023-09-12 23:37:04.796178,2023-09-12 23:37:05.321753,0 days 00:00:00.525575,0.5,9.759292238653668,3,69,1.1092623645691737,4.691429440267264,0.7,FAIL
244,,2023-09-12 23:37:05.323753,2023-09-12 23:37:05.958014,0 days 00:00:00.634261,0.9,5.55621517128742,3,44,1.0619408328447744,3.7280980032361684,0.8,FAIL
245,,2023-09-12 23:37:05.960017,2023-09-12 23:37:06.415933,0 days 00:00:00.455916,1.0,1.4377697767601496,4,77,5.361283326232421,2.9782490096107166,0.8,FAIL
246,,2023-09-12 23:37:06.418451,2023-09-12 23:37:06.920866,0 days 00:00:00.502415,0.7,7.893339799033219,6,26,5.552870664370087,1.9655437196465502,1.0,FAIL
247,,2023-09-12 23:37:06.922865,2023-09-12 23:37:07.470624,0 days 00:00:00.547759,0.5,1.1278144119936784,4,18,8.668060886716617,2.2975604778918384,0.6,FAIL
248,,2023-09-12 23:37:07.471636,2023-09-12 23:37:07.951614,0 days 00:00:00.479978,0.5,3.6216714363517792,5,47,8.345400479735403,2.8453277546417635,0.7,FAIL
249,,2023-09-12 23:37:07.953613,2023-09-12 23:37:08.513114,0 days 00:00:00.559501,0.5,3.248758867898755,4,84,2.737607052384395,7.360911788172552,1.0,FAIL
250,,2023-09-12 23:37:08.515114,2023-09-12 23:37:08.919019,0 days 00:00:00.403905,0.7,2.5426419536766076,5,12,9.339246023335821,3.3164129547334182,1.0,FAIL
251,,2023-09-12 23:37:08.921020,2023-09-12 23:37:09.581250,0 days 00:00:00.660230,1.0,4.627706709238238,6,7,4.153072059906379,8.856938004141902,0.7,FAIL
252,,2023-09-12 23:37:09.583250,2023-09-12 23:37:10.135959,0 days 00:00:00.552709,1.0,5.042272361099458,6,50,9.024257274043348,7.500800065207251,0.8,FAIL
253,,2023-09-12 23:37:10.138474,2023-09-12 23:37:10.817373,0 days 00:00:00.678899,1.0,3.0832007458555206,3,60,6.1643431346876145,3.664327215020891,0.8,FAIL
254,,2023-09-12 23:37:10.818383,2023-09-12 23:37:11.451682,0 days 00:00:00.633299,0.5,3.257608506953668,6,17,3.339238363405698,8.969329266943053,1.0,FAIL
255,,2023-09-12 23:37:11.452682,2023-09-12 23:37:12.100927,0 days 00:00:00.648245,1.0,8.241251158919209,3,42,2.7074448180819193,7.334909065059568,0.8,FAIL
256,,2023-09-12 23:37:12.102927,2023-09-12 23:37:12.627494,0 days 00:00:00.524567,0.5,1.6021951207797105,3,29,8.354049000350265,6.770788678981031,0.7,FAIL
257,,2023-09-12 23:37:12.628507,2023-09-12 23:37:13.161705,0 days 00:00:00.533198,0.7,6.107996457380489,5,79,2.588542564995851,5.105309564088782,0.6,FAIL
258,,2023-09-12 23:37:13.162705,2023-09-12 23:37:13.720343,0 days 00:00:00.557638,1.0,7.376737263884979,3,76,5.887254986009065,7.868510480026953,0.7,FAIL
259,,2023-09-12 23:37:13.721343,2023-09-12 23:37:14.125597,0 days 00:00:00.404254,0.5,1.9377937692808809,6,13,9.051181727672242,1.55039723012059,0.6,FAIL
260,,2023-09-12 23:37:14.126597,2023-09-12 23:37:14.799816,0 days 00:00:00.673219,1.0,5.621080986566771,6,87,1.8634212961583296,7.739487315641943,0.6,FAIL
261,,2023-09-12 23:37:14.800818,2023-09-12 23:37:15.220126,0 days 00:00:00.419308,0.5,3.70761343415347,3,27,2.12025674133719,3.501951015469851,0.7,FAIL
262,,2023-09-12 23:37:15.222126,2023-09-12 23:37:15.859418,0 days 00:00:00.637292,0.9,8.358588508510547,3,10,5.920169513611512,7.929358987074679,0.7,FAIL
263,,2023-09-12 23:37:15.860419,2023-09-12 23:37:16.427409,0 days 00:00:00.566990,0.9,9.169138197034327,6,14,5.024481098544561,3.554980074923582,0.6,FAIL
264,,2023-09-12 23:37:16.428916,2023-09-12 23:37:16.939070,0 days 00:00:00.510154,1.0,6.555448970116024,6,37,6.5539912168439844,9.929141317821335,0.8,FAIL
265,,2023-09-12 23:37:16.941072,2023-09-12 23:37:17.417587,0 days 00:00:00.476515,1.0,5.095409866017845,5,69,9.332010354112558,1.9644232080119293,0.8,FAIL
266,,2023-09-12 23:37:17.419598,2023-09-12 23:37:17.855938,0 days 00:00:00.436340,1.0,6.788049553425299,3,23,4.940813886862179,1.1707321990826003,1.0,FAIL
267,,2023-09-12 23:37:17.857444,2023-09-12 23:37:18.468168,0 days 00:00:00.610724,1.0,3.8196964769737574,5,71,9.603867157513546,6.1516414611145835,0.7,FAIL
268,,2023-09-12 23:37:18.470170,2023-09-12 23:37:19.191394,0 days 00:00:00.721224,0.7,1.9196858197163116,6,95,3.5828013940882517,2.084717846264809,0.7,FAIL
269,,2023-09-12 23:37:19.193916,2023-09-12 23:37:19.691483,0 days 00:00:00.497567,0.7,5.792322405706333,4,14,5.765256923602931,5.931580575260524,0.7,FAIL
270,,2023-09-12 23:37:19.692483,2023-09-12 23:37:20.261352,0 days 00:00:00.568869,0.9,2.1795778217987882,4,71,1.0806534688477758,8.42849047511407,0.6,FAIL
271,,2023-09-12 23:37:20.262351,2023-09-12 23:37:20.829097,0 days 00:00:00.566746,1.0,7.759728666365458,4,48,8.193569470281119,3.111023594463387,0.7,FAIL
272,,2023-09-12 23:37:20.830098,2023-09-12 23:37:21.203358,0 days 00:00:00.373260,0.5,6.691363687119932,3,44,2.545394095032841,4.374381486450949,1.0,FAIL
273,,2023-09-12 23:37:21.204358,2023-09-12 23:37:21.772975,0 days 00:00:00.568617,1.0,7.38727993678941,3,80,5.477188867569705,5.635070924315,0.7,FAIL
274,,2023-09-12 23:37:21.774975,2023-09-12 23:37:22.305916,0 days 00:00:00.530941,0.5,2.4454019185113585,6,75,6.911168179249516,5.433913253403868,0.7,FAIL
275,,2023-09-12 23:37:22.308432,2023-09-12 23:37:22.860565,0 days 00:00:00.552133,0.7,6.008862940971954,4,74,3.5150871054174364,2.6974182448277624,1.0,FAIL
276,,2023-09-12 23:37:22.862565,2023-09-12 23:37:23.463841,0 days 00:00:00.601276,0.7,5.125636650513393,6,21,8.90411062453325,9.47223671989588,0.7,FAIL
277,,2023-09-12 23:37:23.465841,2023-09-12 23:37:24.199058,0 days 00:00:00.733217,0.9,2.127245990604277,5,48,8.400303785546427,8.72952476395973,0.6,FAIL
278,,2023-09-12 23:37:24.201057,2023-09-12 23:37:24.838159,0 days 00:00:00.637102,0.7,9.966129437951485,3,26,5.271877070313736,7.9863428103795355,0.8,FAIL
279,,2023-09-12 23:37:24.840162,2023-09-12 23:37:25.589980,0 days 00:00:00.749818,0.9,2.7911694775395097,4,64,3.0625273460821845,6.976198247732714,0.8,FAIL
280,,2023-09-12 23:37:25.591983,2023-09-12 23:37:26.125039,0 days 00:00:00.533056,0.9,1.3118356845811872,4,91,5.059658147870394,6.542820820548336,0.8,FAIL
281,,2023-09-12 23:37:26.126039,2023-09-12 23:37:26.619043,0 days 00:00:00.493004,0.9,7.372711021693487,4,88,6.6821786763384985,8.891547512124998,0.8,FAIL
282,,2023-09-12 23:37:26.621044,2023-09-12 23:37:27.143044,0 days 00:00:00.522000,1.0,6.3594693132854285,4,44,9.315942222889067,4.892658037753716,0.8,FAIL
283,,2023-09-12 23:37:27.145044,2023-09-12 23:37:27.764701,0 days 00:00:00.619657,1.0,7.713178405552636,6,97,4.437013333892281,9.261335527609189,0.8,FAIL
284,,2023-09-12 23:37:27.765701,2023-09-12 23:37:28.359844,0 days 00:00:00.594143,1.0,6.989017639174241,3,79,6.143171027962345,1.3372247215293314,0.7,FAIL
285,,2023-09-12 23:37:28.360846,2023-09-12 23:37:28.840268,0 days 00:00:00.479422,0.9,8.353752172233397,5,51,1.4671878522412063,2.707390155283972,0.8,FAIL
286,,2023-09-12 23:37:28.842268,2023-09-12 23:37:29.330692,0 days 00:00:00.488424,0.5,8.590750117248186,6,22,5.047830544259738,9.176369538335933,1.0,FAIL
287,,2023-09-12 23:37:29.331692,2023-09-12 23:37:29.861715,0 days 00:00:00.530023,1.0,9.071467811895038,3,35,2.6727735393553482,9.385511861616962,0.7,FAIL
288,,2023-09-12 23:37:29.863714,2023-09-12 23:37:30.528037,0 days 00:00:00.664323,0.9,3.2823099095149444,4,42,4.306909764890436,2.953425027769751,0.6,FAIL
289,,2023-09-12 23:37:30.530040,2023-09-12 23:37:30.939191,0 days 00:00:00.409151,0.5,4.194334664177375,5,2,4.866800830438043,6.837049192628975,0.7,FAIL
290,,2023-09-12 23:37:30.941193,2023-09-12 23:37:31.525514,0 days 00:00:00.584321,0.9,8.42025440187407,3,54,3.4531780832554233,6.304840156580034,0.6,FAIL
291,,2023-09-12 23:37:31.526514,2023-09-12 23:37:32.090063,0 days 00:00:00.563549,0.9,3.779949082718045,6,62,8.777524713117641,3.562331211560235,0.8,FAIL
292,,2023-09-12 23:37:32.092063,2023-09-12 23:37:32.604999,0 days 00:00:00.512936,0.9,6.29497381649805,6,4,6.049591991660425,1.0446357201429808,0.6,FAIL
293,,2023-09-12 23:37:32.605999,2023-09-12 23:37:33.156667,0 days 00:00:00.550668,1.0,8.142614430532687,4,38,7.074168454050292,3.9169776663200486,0.7,FAIL
294,,2023-09-12 23:37:33.158171,2023-09-12 23:37:33.986436,0 days 00:00:00.828265,1.0,1.9261730980147032,4,25,3.243692877197753,2.5610881488680315,1.0,FAIL
295,,2023-09-12 23:37:33.987940,2023-09-12 23:37:34.661623,0 days 00:00:00.673683,0.9,6.228447140677389,4,15,1.3955611548769027,9.93678132305625,1.0,FAIL
296,,2023-09-12 23:37:34.663622,2023-09-12 23:37:35.099567,0 days 00:00:00.435945,0.7,5.11419521507875,5,71,9.86291787202246,8.460102162657503,0.7,FAIL
297,,2023-09-12 23:37:35.101568,2023-09-12 23:37:35.584797,0 days 00:00:00.483229,0.5,7.667674453281432,3,35,6.691966422719401,7.972353369828633,1.0,FAIL
298,,2023-09-12 23:37:35.585797,2023-09-12 23:37:36.221521,0 days 00:00:00.635724,1.0,8.11621993462195,5,70,9.73517122189311,6.165074419668404,0.7,FAIL
299,,2023-09-12 23:37:36.222521,2023-09-12 23:37:36.749153,0 days 00:00:00.526632,1.0,2.2364243649295443,6,56,1.3523374714327137,1.0909916775447788,0.6,FAIL
300,,2023-09-12 23:37:36.750155,2023-09-12 23:37:37.246714,0 days 00:00:00.496559,0.9,2.577817813709979,4,26,9.350556474743126,2.6523927519488124,0.8,FAIL
301,,2023-09-12 23:37:37.248219,2023-09-12 23:37:37.709536,0 days 00:00:00.461317,1.0,6.831497545963378,5,7,4.996932996132382,9.794803212701744,0.8,FAIL
302,,2023-09-12 23:37:37.711537,2023-09-12 23:37:38.270081,0 days 00:00:00.558544,1.0,9.171897027505834,3,7,4.820144736606212,5.859144609409987,0.7,FAIL
303,,2023-09-12 23:37:38.273082,2023-09-12 23:37:38.888372,0 days 00:00:00.615290,1.0,7.3819427605222945,6,82,2.085053016922115,6.1557308532627095,1.0,FAIL
304,,2023-09-12 23:37:38.890372,2023-09-12 23:37:39.527689,0 days 00:00:00.637317,0.9,3.490354764779111,6,10,1.6211725196383626,8.769781059409148,0.7,FAIL
305,,2023-09-12 23:37:39.528700,2023-09-12 23:37:40.045304,0 days 00:00:00.516604,0.9,7.281348668509723,5,56,6.942798334730423,1.8715838460035132,1.0,FAIL
306,,2023-09-12 23:37:40.047808,2023-09-12 23:37:40.536335,0 days 00:00:00.488527,0.9,8.314416114218652,3,25,8.978401674459784,4.017492706554521,0.6,FAIL
307,,2023-09-12 23:37:40.538842,2023-09-12 23:37:40.982800,0 days 00:00:00.443958,0.9,2.257547577470461,4,4,4.3436721327212116,7.471418571316226,0.7,FAIL
308,,2023-09-12 23:37:40.984800,2023-09-12 23:37:41.612689,0 days 00:00:00.627889,1.0,1.019124704528554,4,31,1.5493630344758604,9.89833497316073,1.0,FAIL
309,,2023-09-12 23:37:41.614689,2023-09-12 23:37:42.262660,0 days 00:00:00.647971,1.0,9.465499527514904,6,16,6.5289039899328785,2.789176549881546,0.6,FAIL
310,,2023-09-12 23:37:42.264660,2023-09-12 23:37:42.731594,0 days 00:00:00.466934,0.5,3.780639158365617,5,70,6.697372041906439,6.326949471352851,0.6,FAIL
311,,2023-09-12 23:37:42.733593,2023-09-12 23:37:43.243504,0 days 00:00:00.509911,1.0,6.669711760792561,5,65,7.699196469227012,6.042653314621077,0.6,FAIL
312,,2023-09-12 23:37:43.245504,2023-09-12 23:37:43.709859,0 days 00:00:00.464355,0.7,7.496681501154101,5,13,1.4822493887284773,9.744266069191948,0.8,FAIL
313,,2023-09-12 23:37:43.710860,2023-09-12 23:37:44.318070,0 days 00:00:00.607210,0.9,4.958096029453132,6,99,9.447052199932726,5.4195194967590705,1.0,FAIL
314,,2023-09-12 23:37:44.320073,2023-09-12 23:37:44.814539,0 days 00:00:00.494466,0.5,8.269568352434561,4,61,9.225142447785851,9.827054072370933,1.0,FAIL
315,,2023-09-12 23:37:44.816539,2023-09-12 23:37:45.255843,0 days 00:00:00.439304,0.7,8.43218122231507,3,40,3.3868562658416606,8.380618111244683,1.0,FAIL
316,,2023-09-12 23:37:45.258358,2023-09-12 23:37:45.698289,0 days 00:00:00.439931,1.0,4.928649922443912,4,30,3.9473426587122664,7.44028053735037,0.8,FAIL
317,,2023-09-12 23:37:45.700292,2023-09-12 23:37:46.426285,0 days 00:00:00.725993,1.0,8.516680900078835,6,81,9.499819450829486,5.380329398621947,1.0,FAIL
318,,2023-09-12 23:37:46.428803,2023-09-12 23:37:46.904685,0 days 00:00:00.475882,0.5,2.86949345012654,6,47,4.967849730359632,3.6334404267169997,0.8,FAIL
319,,2023-09-12 23:37:46.905684,2023-09-12 23:37:47.373777,0 days 00:00:00.468093,0.5,4.623848452724527,5,95,3.1066795034710486,9.967836017125483,0.7,FAIL
320,,2023-09-12 23:37:47.375777,2023-09-12 23:37:47.928420,0 days 00:00:00.552643,0.7,7.92252004010296,3,97,5.776903053109907,2.7285194108230417,0.6,FAIL
321,,2023-09-12 23:37:47.930422,2023-09-12 23:37:48.546116,0 days 00:00:00.615694,1.0,3.020335731185888,4,29,2.3608431856792547,7.7966932805304845,0.7,FAIL
322,,2023-09-12 23:37:48.547621,2023-09-12 23:37:49.180816,0 days 00:00:00.633195,1.0,6.418936751491104,6,82,5.756151892328489,2.9488436305670893,0.8,FAIL
323,,2023-09-12 23:37:49.182816,2023-09-12 23:37:49.578582,0 days 00:00:00.395766,0.7,8.773544735211548,6,79,1.9341052847534133,9.783475999778599,1.0,FAIL
324,,2023-09-12 23:37:49.580584,2023-09-12 23:37:50.094020,0 days 00:00:00.513436,1.0,3.246498880176492,4,34,3.275970427410597,1.2765057662609756,1.0,FAIL
325,,2023-09-12 23:37:50.096020,2023-09-12 23:37:50.643540,0 days 00:00:00.547520,0.5,7.845132671151376,4,66,9.395875471596275,4.297897378560794,0.7,FAIL
326,,2023-09-12 23:37:50.644540,2023-09-12 23:37:51.051653,0 days 00:00:00.407113,1.0,9.377638337885053,5,2,7.737078040341064,4.982586900631856,1.0,FAIL
327,,2023-09-12 23:37:51.053686,2023-09-12 23:37:51.593243,0 days 00:00:00.539557,0.7,4.191640326903363,6,15,6.38224597830351,8.090666922242486,0.8,FAIL
328,,2023-09-12 23:37:51.595243,2023-09-12 23:37:51.998014,0 days 00:00:00.402771,0.5,7.248727634781908,4,15,3.7575116940968543,4.152263790500519,0.8,FAIL
329,,2023-09-12 23:37:52.000018,2023-09-12 23:37:52.495994,0 days 00:00:00.495976,0.5,9.141551272708336,4,16,2.8830646620317517,8.676704247008871,0.7,FAIL
330,,2023-09-12 23:37:52.497499,2023-09-12 23:37:53.098275,0 days 00:00:00.600776,0.7,3.7653398222753927,6,2,3.573456096731922,9.194576850551652,0.6,FAIL
331,,2023-09-12 23:37:53.099277,2023-09-12 23:37:53.455475,0 days 00:00:00.356198,0.5,8.517639957767972,5,42,6.92582944225719,6.512384826653144,0.8,FAIL
332,,2023-09-12 23:37:53.457485,2023-09-12 23:37:53.915305,0 days 00:00:00.457820,0.9,3.7412868256543987,3,17,4.902302373513175,2.712903521860195,0.7,FAIL
333,,2023-09-12 23:37:53.916306,2023-09-12 23:37:54.534529,0 days 00:00:00.618223,1.0,4.744772600145807,6,23,8.336337242798844,7.605722845731223,0.8,FAIL
334,,2023-09-12 23:37:54.536529,2023-09-12 23:37:54.949763,0 days 00:00:00.413234,0.5,9.283926883944236,4,21,1.140153553561543,3.646041160785817,0.7,FAIL
335,,2023-09-12 23:37:54.951765,2023-09-12 23:37:55.555036,0 days 00:00:00.603271,0.7,4.453589176521425,4,26,6.502082623928087,7.1254507128742715,0.6,FAIL
336,,2023-09-12 23:37:55.557540,2023-09-12 23:37:56.074105,0 days 00:00:00.516565,0.5,9.257993062556924,6,57,8.985566687687953,3.708991205055456,1.0,FAIL
337,,2023-09-12 23:37:56.076105,2023-09-12 23:37:56.662637,0 days 00:00:00.586532,1.0,7.3440036979687875,4,48,2.750395331425746,2.4903549769561666,0.6,FAIL
338,,2023-09-12 23:37:56.664638,2023-09-12 23:37:57.133049,0 days 00:00:00.468411,0.5,5.187125323339329,5,92,3.708107552911367,5.128752881945575,0.7,FAIL
339,,2023-09-12 23:37:57.135049,2023-09-12 23:37:57.682797,0 days 00:00:00.547748,0.5,3.486182035507893,4,70,9.767653766175243,7.676141892182085,0.8,FAIL
340,,2023-09-12 23:37:57.684797,2023-09-12 23:37:58.281053,0 days 00:00:00.596256,1.0,1.7864496159571588,4,70,7.260683821962761,2.4257642073348924,1.0,FAIL
341,,2023-09-12 23:37:58.283053,2023-09-12 23:37:58.877781,0 days 00:00:00.594728,0.9,4.212452966271509,5,36,3.0657943457582744,1.6038174176404758,0.6,FAIL
342,,2023-09-12 23:37:58.879793,2023-09-12 23:37:59.487934,0 days 00:00:00.608141,1.0,3.9614399290880034,6,29,2.626302874159956,7.738197071774092,0.8,FAIL
343,,2023-09-12 23:37:59.489935,2023-09-12 23:38:00.002359,0 days 00:00:00.512424,1.0,3.077899139441768,6,24,5.1023219557144,1.4082916517851465,0.8,FAIL
344,,2023-09-12 23:38:00.004359,2023-09-12 23:38:00.580519,0 days 00:00:00.576160,0.5,6.903627379051895,3,20,1.8713664651921267,3.607750373255364,1.0,FAIL
345,,2023-09-12 23:38:00.582519,2023-09-12 23:38:01.292846,0 days 00:00:00.710327,0.9,2.797886708031797,3,9,4.72440019769638,8.03258894394486,1.0,FAIL
346,,2023-09-12 23:38:01.293845,2023-09-12 23:38:01.793002,0 days 00:00:00.499157,0.5,8.525803220373746,3,83,7.875725396357379,6.9942407677096226,0.6,FAIL
347,,2023-09-12 23:38:01.795002,2023-09-12 23:38:02.388350,0 days 00:00:00.593348,0.5,8.87375665713304,5,57,6.745438365234481,6.14678367443667,0.8,FAIL
348,,2023-09-12 23:38:02.390352,2023-09-12 23:38:02.884423,0 days 00:00:00.494071,0.9,8.134841488139063,4,41,9.779660763972483,9.445591623363491,0.8,FAIL
349,,2023-09-12 23:38:02.886423,2023-09-12 23:38:03.375692,0 days 00:00:00.489269,0.7,1.277098010595175,5,65,7.234292887624399,7.224857765656079,0.8,FAIL
350,,2023-09-12 23:38:03.377692,2023-09-12 23:38:03.863392,0 days 00:00:00.485700,0.5,4.295101374373987,6,16,7.215878969067391,6.129926828474358,0.8,FAIL
351,,2023-09-12 23:38:03.865393,2023-09-12 23:38:04.354471,0 days 00:00:00.489078,0.5,2.5521208636880446,3,68,9.630423003505292,1.2307370077534832,1.0,FAIL
352,,2023-09-12 23:38:04.356470,2023-09-12 23:38:04.925813,0 days 00:00:00.569343,0.9,7.269579471151136,5,85,2.604455415865038,2.259779930220074,0.6,FAIL
353,,2023-09-12 23:38:04.927318,2023-09-12 23:38:05.529610,0 days 00:00:00.602292,0.9,1.2160293698766589,6,29,9.171406601949624,6.880130033684306,0.6,FAIL
354,,2023-09-12 23:38:05.531611,2023-09-12 23:38:06.070667,0 days 00:00:00.539056,1.0,6.860722211435818,4,29,8.523445046287321,3.9419582011641396,0.6,FAIL
355,,2023-09-12 23:38:06.071668,2023-09-12 23:38:06.749122,0 days 00:00:00.677454,1.0,1.10979611733439,5,52,3.8545422495045893,8.876643962838306,0.6,FAIL
356,,2023-09-12 23:38:06.750123,2023-09-12 23:38:07.282780,0 days 00:00:00.532657,1.0,1.4386885422239595,4,11,2.192300432567503,6.559034711280779,0.8,FAIL
357,,2023-09-12 23:38:07.283781,2023-09-12 23:38:07.870557,0 days 00:00:00.586776,0.7,7.246236976266015,3,62,4.046237819033181,3.5774002528856252,0.8,FAIL
358,,2023-09-12 23:38:07.872556,2023-09-12 23:38:08.426347,0 days 00:00:00.553791,0.5,7.0858367114750305,4,42,6.451844938404,4.160215078407131,0.8,FAIL
359,,2023-09-12 23:38:08.427851,2023-09-12 23:38:08.937365,0 days 00:00:00.509514,0.5,3.3851014276612528,5,89,7.210063133005566,7.476800069013932,1.0,FAIL
360,,2023-09-12 23:38:08.938872,2023-09-12 23:38:09.445310,0 days 00:00:00.506438,0.5,5.046099324117471,3,91,1.989587553869275,3.614868257355446,0.7,FAIL
361,,2023-09-12 23:38:09.446310,2023-09-12 23:38:09.810753,0 days 00:00:00.364443,0.7,5.454438812215228,4,39,8.897962465399427,7.364334368274017,1.0,FAIL
362,,2023-09-12 23:38:09.812753,2023-09-12 23:38:10.323657,0 days 00:00:00.510904,0.7,1.7705588189295527,6,49,9.888955763734831,7.235976488242929,0.8,FAIL
363,,2023-09-12 23:38:10.324657,2023-09-12 23:38:10.979484,0 days 00:00:00.654827,0.7,7.266446368748908,4,61,6.543802436510473,8.214581803768368,1.0,FAIL
364,,2023-09-12 23:38:10.981486,2023-09-12 23:38:11.587703,0 days 00:00:00.606217,0.9,1.991759363092216,5,38,7.33445252695129,3.4593209436988452,0.7,FAIL
365,,2023-09-12 23:38:11.589210,2023-09-12 23:38:12.107470,0 days 00:00:00.518260,0.9,5.516120841757569,4,3,3.3905701844594534,6.066030181187669,0.7,FAIL
366,,2023-09-12 23:38:12.109471,2023-09-12 23:38:12.573941,0 days 00:00:00.464470,0.5,5.075552081496136,6,77,4.537992448616116,3.869940401476782,0.8,FAIL
367,,2023-09-12 23:38:12.575940,2023-09-12 23:38:13.022272,0 days 00:00:00.446332,0.5,7.221477904440054,4,99,5.750273050798448,1.813361264753234,0.7,FAIL
368,,2023-09-12 23:38:13.023272,2023-09-12 23:38:13.591467,0 days 00:00:00.568195,0.5,1.3797011150654634,4,47,1.9614064943932834,3.8874528120945975,0.8,FAIL
369,,2023-09-12 23:38:13.593467,2023-09-12 23:38:14.203389,0 days 00:00:00.609922,1.0,5.980488907146396,3,67,8.59879415865536,9.588737458039612,0.7,FAIL
370,,2023-09-12 23:38:14.205389,2023-09-12 23:38:14.965500,0 days 00:00:00.760111,0.9,3.7927104651625707,3,51,7.935065132024977,7.920399468039745,1.0,FAIL
371,,2023-09-12 23:38:14.967500,2023-09-12 23:38:15.454900,0 days 00:00:00.487400,0.5,2.285211437627868,3,79,7.332220219671014,5.685324584913264,0.7,FAIL
372,,2023-09-12 23:38:15.455900,2023-09-12 23:38:16.143174,0 days 00:00:00.687274,1.0,4.0862479873570745,6,88,7.1085310669787365,6.811479373839164,0.7,FAIL
373,,2023-09-12 23:38:16.145174,2023-09-12 23:38:16.862123,0 days 00:00:00.716949,0.9,4.448028497823632,4,37,5.064668899424508,9.75340503122264,0.8,FAIL
374,,2023-09-12 23:38:16.863123,2023-09-12 23:38:17.473028,0 days 00:00:00.609905,1.0,7.7265598366585895,3,37,8.683936906025542,1.5616820457118537,0.6,FAIL
375,,2023-09-12 23:38:17.474028,2023-09-12 23:38:18.083651,0 days 00:00:00.609623,0.9,2.0631429340329532,6,32,9.43371653612996,6.82011764771484,0.7,FAIL
376,,2023-09-12 23:38:18.084651,2023-09-12 23:38:18.664823,0 days 00:00:00.580172,1.0,9.206684157720584,3,100,6.6365369000159795,6.717636276381962,0.7,FAIL
377,,2023-09-12 23:38:18.665822,2023-09-12 23:38:19.208847,0 days 00:00:00.543025,0.5,3.4231985415213697,4,97,1.7393870086039138,8.467412105277322,0.7,FAIL
378,,2023-09-12 23:38:19.210849,2023-09-12 23:38:19.820086,0 days 00:00:00.609237,0.9,5.7386328462247445,6,57,3.1623054822879926,7.751433464535179,0.7,FAIL
379,,2023-09-12 23:38:19.822086,2023-09-12 23:38:20.370236,0 days 00:00:00.548150,0.7,2.9623600530924357,3,55,6.329566718948749,7.52459229426135,0.7,FAIL
380,,2023-09-12 23:38:20.372236,2023-09-12 23:38:20.818109,0 days 00:00:00.445873,0.7,9.645600547924921,6,29,9.098496129873869,2.945240287079247,0.7,FAIL
381,,2023-09-12 23:38:20.820112,2023-09-12 23:38:21.317356,0 days 00:00:00.497244,1.0,2.2439595152580005,5,86,3.659508184583223,3.5091754721722745,0.6,FAIL
382,,2023-09-12 23:38:21.319366,2023-09-12 23:38:21.784849,0 days 00:00:00.465483,0.5,3.1539452343267933,5,49,8.63386054095847,4.429578692780202,0.8,FAIL
383,,2023-09-12 23:38:21.785849,2023-09-12 23:38:22.305886,0 days 00:00:00.520037,0.7,7.481778209225527,5,18,6.9497011814815,9.099243652725885,0.6,FAIL
384,,2023-09-12 23:38:22.308486,2023-09-12 23:38:22.863677,0 days 00:00:00.555191,1.0,8.208686623406063,6,18,8.700345990188023,4.87567130367468,0.6,FAIL
385,,2023-09-12 23:38:22.865677,2023-09-12 23:38:23.339243,0 days 00:00:00.473566,0.5,4.538274160501437,6,36,3.155754871726525,1.8235714693717928,0.7,FAIL
386,,2023-09-12 23:38:23.341244,2023-09-12 23:38:23.945961,0 days 00:00:00.604717,0.9,4.869278789946878,6,99,3.4815281263712876,7.123262646510907,0.8,FAIL
387,,2023-09-12 23:38:23.948477,2023-09-12 23:38:24.396031,0 days 00:00:00.447554,0.9,9.331992004204197,4,50,3.9667228570876465,8.804232902631956,1.0,FAIL
388,,2023-09-12 23:38:24.397537,2023-09-12 23:38:24.945237,0 days 00:00:00.547700,0.7,2.83534120762534,5,17,8.830473698716634,6.5265206219489595,0.6,FAIL
389,,2023-09-12 23:38:24.946237,2023-09-12 23:38:25.463724,0 days 00:00:00.517487,0.9,4.692451064022743,3,9,4.073279068387737,2.1312284866742712,0.7,FAIL
390,,2023-09-12 23:38:25.464724,2023-09-12 23:38:25.894076,0 days 00:00:00.429352,0.7,1.163779117814642,3,27,4.788494640016969,9.580815766990321,0.7,FAIL
391,,2023-09-12 23:38:25.895076,2023-09-12 23:38:26.394054,0 days 00:00:00.498978,0.5,3.429324597403039,6,3,3.296222160779938,7.6726032601114245,0.7,FAIL
392,,2023-09-12 23:38:26.395054,2023-09-12 23:38:26.945055,0 days 00:00:00.550001,0.9,8.446531034638038,4,30,3.1287481703047106,8.087651499528981,0.7,FAIL
393,,2023-09-12 23:38:26.946055,2023-09-12 23:38:27.524261,0 days 00:00:00.578206,0.9,7.982753129180263,4,80,3.7520759281788747,2.599230621932077,1.0,FAIL
394,,2023-09-12 23:38:27.526261,2023-09-12 23:38:27.995321,0 days 00:00:00.469060,0.7,9.150104721932397,4,24,2.8715943686374876,9.110647035184487,0.7,FAIL
395,,2023-09-12 23:38:27.997320,2023-09-12 23:38:28.521908,0 days 00:00:00.524588,1.0,2.515419909620411,4,51,6.870978598153973,8.938085400701496,1.0,FAIL
396,,2023-09-12 23:38:28.523909,2023-09-12 23:38:29.119540,0 days 00:00:00.595631,0.7,4.701648231905391,5,23,5.606823730389703,8.737373229188517,0.7,FAIL
397,,2023-09-12 23:38:29.121539,2023-09-12 23:38:29.673165,0 days 00:00:00.551626,0.9,5.7086808714462585,5,43,8.83509359125054,8.32233923644419,0.8,FAIL
398,,2023-09-12 23:38:29.675165,2023-09-12 23:38:30.219041,0 days 00:00:00.543876,0.5,4.256243648524782,4,43,2.0441461934138037,5.839103261765854,0.6,FAIL
399,,2023-09-12 23:38:30.221042,2023-09-12 23:38:30.734989,0 days 00:00:00.513947,0.5,6.270597302351698,3,85,9.67265069793391,2.8072696999996927,0.6,FAIL
400,,2023-09-12 23:38:30.735988,2023-09-12 23:38:31.228381,0 days 00:00:00.492393,1.0,5.732130018874078,6,72,8.508734585411029,5.339730571742398,1.0,FAIL
401,,2023-09-12 23:38:31.230382,2023-09-12 23:38:31.744391,0 days 00:00:00.514009,0.7,8.664914229756732,6,44,1.6340901551819238,5.127541788177612,0.8,FAIL
402,,2023-09-12 23:38:31.746391,2023-09-12 23:38:32.332472,0 days 00:00:00.586081,0.5,5.636820059793242,4,76,2.388034319588012,9.018762015801881,0.6,FAIL
403,,2023-09-12 23:38:32.334471,2023-09-12 23:38:32.940367,0 days 00:00:00.605896,1.0,3.7389158322338556,3,27,3.3580373116713047,9.510201491172674,0.7,FAIL
404,,2023-09-12 23:38:32.942367,2023-09-12 23:38:33.385472,0 days 00:00:00.443105,0.5,6.052750934384409,5,83,1.6891049155730207,6.2287383708402375,0.6,FAIL
405,,2023-09-12 23:38:33.387977,2023-09-12 23:38:33.975339,0 days 00:00:00.587362,0.9,4.112211033024902,4,9,4.511277227914304,7.900240383929316,0.8,FAIL
406,,2023-09-12 23:38:33.977339,2023-09-12 23:38:34.480839,0 days 00:00:00.503500,0.7,4.7895210255801475,5,14,7.083189935878478,4.0233884748143485,0.7,FAIL
407,,2023-09-12 23:38:34.482839,2023-09-12 23:38:35.139223,0 days 00:00:00.656384,1.0,9.782503549190617,3,45,7.926065694951954,3.926023618949876,0.8,FAIL
408,,2023-09-12 23:38:35.141224,2023-09-12 23:38:35.940009,0 days 00:00:00.798785,0.9,6.809374196985741,6,88,5.486785207820603,5.958075656704732,0.6,FAIL
409,,2023-09-12 23:38:35.942009,2023-09-12 23:38:36.550321,0 days 00:00:00.608312,0.9,3.01111402066451,6,20,1.071164261329507,6.248977574306672,0.6,FAIL
410,,2023-09-12 23:38:36.552321,2023-09-12 23:38:37.112568,0 days 00:00:00.560247,0.5,2.4678822771730062,3,5,7.795162160192234,9.134419605514095,0.8,FAIL
411,,2023-09-12 23:38:37.114568,2023-09-12 23:38:37.671603,0 days 00:00:00.557035,0.9,5.848937801372126,5,83,4.3831647606468485,8.035351063057806,0.8,FAIL
412,,2023-09-12 23:38:37.672603,2023-09-12 23:38:38.092449,0 days 00:00:00.419846,0.7,8.367829750184995,5,38,6.120380632911488,2.3262800209160908,1.0,FAIL
413,,2023-09-12 23:38:38.093449,2023-09-12 23:38:38.738720,0 days 00:00:00.645271,1.0,4.790462825672712,6,85,9.635796092932038,3.8220066145968845,0.8,FAIL
414,,2023-09-12 23:38:38.740225,2023-09-12 23:38:39.352854,0 days 00:00:00.612629,1.0,5.729203749289382,3,67,2.1517857649264256,2.367292840267652,0.7,FAIL
415,,2023-09-12 23:38:39.353854,2023-09-12 23:38:39.903922,0 days 00:00:00.550068,0.7,2.9116075936931427,6,31,5.723552200936024,7.977558593713992,0.7,FAIL
416,,2023-09-12 23:38:39.905922,2023-09-12 23:38:40.381998,0 days 00:00:00.476076,1.0,3.1114066260798543,4,40,4.941832752804597,1.2748225748678008,0.8,FAIL
417,,2023-09-12 23:38:40.382998,2023-09-12 23:38:40.834974,0 days 00:00:00.451976,0.7,6.921370831060751,6,44,7.005971906588948,5.819170368086227,1.0,FAIL
418,,2023-09-12 23:38:40.837479,2023-09-12 23:38:41.359126,0 days 00:00:00.521647,0.5,2.4550341829000253,6,65,6.372655334026215,1.8278675767587034,0.8,FAIL
419,,2023-09-12 23:38:41.361127,2023-09-12 23:38:41.902202,0 days 00:00:00.541075,0.9,9.1742739122706,3,4,4.738119097637975,9.511019247892824,0.7,FAIL
420,,2023-09-12 23:38:41.904201,2023-09-12 23:38:42.473735,0 days 00:00:00.569534,0.9,6.26708785462823,4,28,9.644739403864838,8.40485580360386,0.6,FAIL
421,,2023-09-12 23:38:42.474735,2023-09-12 23:38:43.003730,0 days 00:00:00.528995,0.5,6.869110754478381,3,58,7.706534385443361,2.3608154832474124,1.0,FAIL
422,,2023-09-12 23:38:43.005730,2023-09-12 23:38:43.601442,0 days 00:00:00.595712,1.0,6.050841033930241,5,47,6.253419127092171,7.823840849092674,0.6,FAIL
423,,2023-09-12 23:38:43.603442,2023-09-12 23:38:44.217400,0 days 00:00:00.613958,0.9,1.3557576651085692,6,76,1.4050576487566238,1.0855730739458989,0.6,FAIL
424,,2023-09-12 23:38:44.219414,2023-09-12 23:38:44.626765,0 days 00:00:00.407351,0.5,9.888532995929342,3,43,6.482133746842842,6.991868119173192,1.0,FAIL
425,,2023-09-12 23:38:44.628270,2023-09-12 23:38:45.101905,0 days 00:00:00.473635,0.9,9.402113490060039,6,78,6.5150490433943045,1.6216327616076802,0.8,FAIL
426,,2023-09-12 23:38:45.103905,2023-09-12 23:38:45.654441,0 days 00:00:00.550536,0.7,9.128363883905061,5,64,2.0117874657174477,7.625393048557407,0.7,FAIL
427,,2023-09-12 23:38:45.656441,2023-09-12 23:38:46.177646,0 days 00:00:00.521205,0.9,3.8940079656280933,4,6,8.034956518283007,7.625310889783223,0.7,FAIL
428,,2023-09-12 23:38:46.179153,2023-09-12 23:38:46.794180,0 days 00:00:00.615027,1.0,6.270409039179822,5,33,2.5335221172183093,1.8838230874737614,1.0,FAIL
429,,2023-09-12 23:38:46.796180,2023-09-12 23:38:47.462590,0 days 00:00:00.666410,1.0,6.407611814035848,4,96,5.767072087140907,2.822202875679899,0.6,FAIL
430,,2023-09-12 23:38:47.464590,2023-09-12 23:38:48.004438,0 days 00:00:00.539848,0.5,5.5013069618569785,3,59,3.5067254343154857,3.8813507990028024,0.8,FAIL
431,,2023-09-12 23:38:48.006438,2023-09-12 23:38:48.498971,0 days 00:00:00.492533,0.5,4.887931286012163,3,86,1.2704194318778086,3.827705686020747,0.6,FAIL
432,,2023-09-12 23:38:48.500973,2023-09-12 23:38:48.941806,0 days 00:00:00.440833,0.5,9.31299714760698,4,36,2.5837642164345764,4.105846610439382,0.6,FAIL
433,,2023-09-12 23:38:48.943805,2023-09-12 23:38:49.760442,0 days 00:00:00.816637,0.7,7.980465072691728,6,88,3.8962736638592803,2.5800460531115466,0.6,FAIL
434,,2023-09-12 23:38:49.762458,2023-09-12 23:38:50.249974,0 days 00:00:00.487516,0.9,7.584833469597347,6,27,5.538116056870453,4.916922371326903,1.0,FAIL
435,,2023-09-12 23:38:50.251975,2023-09-12 23:38:50.886360,0 days 00:00:00.634385,1.0,3.5432556758316305,4,8,8.721443293330612,4.611488732537694,0.8,FAIL
436,,2023-09-12 23:38:50.887864,2023-09-12 23:38:51.539496,0 days 00:00:00.651632,1.0,1.4614133089112031,6,20,2.979477198850563,8.29491509813557,0.7,FAIL
437,,2023-09-12 23:38:51.541497,2023-09-12 23:38:52.219246,0 days 00:00:00.677749,1.0,3.5914814342684647,4,64,6.431547298440817,7.3421447845502374,0.6,FAIL
438,,2023-09-12 23:38:52.221248,2023-09-12 23:38:52.773385,0 days 00:00:00.552137,0.7,1.9982795537597036,6,61,9.668008690235583,3.656061134336602,0.8,FAIL
439,,2023-09-12 23:38:52.775385,2023-09-12 23:38:53.259414,0 days 00:00:00.484029,0.9,5.031559968884989,6,65,2.503969172338871,6.466190630603438,0.8,FAIL
440,,2023-09-12 23:38:53.261415,2023-09-12 23:38:53.750318,0 days 00:00:00.488903,0.5,2.5140004274079573,4,8,5.982477952704376,3.712862734267732,0.8,FAIL
441,,2023-09-12 23:38:53.752317,2023-09-12 23:38:54.353414,0 days 00:00:00.601097,0.9,9.760084767249555,5,80,6.357219920226272,8.529013694029633,0.6,FAIL
442,,2023-09-12 23:38:54.355412,2023-09-12 23:38:54.965159,0 days 00:00:00.609747,0.5,8.72804877367754,5,81,5.00512273701273,5.247031847585723,0.8,FAIL
443,,2023-09-12 23:38:54.966159,2023-09-12 23:38:55.584237,0 days 00:00:00.618078,0.9,6.422139500784194,6,60,2.377364320961739,3.8369060249840836,0.6,FAIL
444,,2023-09-12 23:38:55.586237,2023-09-12 23:38:56.064195,0 days 00:00:00.477958,0.9,7.155274873220189,5,41,9.853314689130281,1.8908175971276684,0.7,FAIL
445,,2023-09-12 23:38:56.066195,2023-09-12 23:38:56.690078,0 days 00:00:00.623883,1.0,5.814442275312826,6,72,9.989253446781024,9.441820334078098,0.7,FAIL
446,,2023-09-12 23:38:56.692077,2023-09-12 23:38:57.395944,0 days 00:00:00.703867,1.0,6.247005451842249,3,100,5.663348271011701,8.827346607827295,0.8,FAIL
447,,2023-09-12 23:38:57.398460,2023-09-12 23:38:57.913986,0 days 00:00:00.515526,0.7,4.351497867029782,6,26,8.214645804967022,1.9911464856414032,1.0,FAIL
448,,2023-09-12 23:38:57.915984,2023-09-12 23:38:58.505145,0 days 00:00:00.589161,0.5,5.970457451402056,3,35,3.1339798489428774,4.548265911192326,0.7,FAIL
449,,2023-09-12 23:38:58.507651,2023-09-12 23:38:59.099917,0 days 00:00:00.592266,0.5,6.489238914501764,4,76,4.888156523213917,4.001874273809952,0.8,FAIL
450,,2023-09-12 23:38:59.101918,2023-09-12 23:38:59.652596,0 days 00:00:00.550678,1.0,6.802421882835061,4,100,8.59129028939228,5.920775957660494,0.6,FAIL
451,,2023-09-12 23:38:59.653596,2023-09-12 23:39:00.214763,0 days 00:00:00.561167,0.9,7.623418055049291,4,87,1.4258299971562036,5.711052653092093,1.0,FAIL
452,,2023-09-12 23:39:00.216763,2023-09-12 23:39:00.789973,0 days 00:00:00.573210,0.9,4.691918661875709,5,91,7.957452151049213,8.309243309309577,0.6,FAIL
453,,2023-09-12 23:39:00.791974,2023-09-12 23:39:01.446756,0 days 00:00:00.654782,0.9,5.586617093778726,5,77,9.47748696444555,1.473374602840918,0.8,FAIL
454,,2023-09-12 23:39:01.448261,2023-09-12 23:39:01.859607,0 days 00:00:00.411346,0.5,1.175351760406792,5,40,7.100648655166693,6.1192374740477256,0.6,FAIL
455,,2023-09-12 23:39:01.860608,2023-09-12 23:39:02.458822,0 days 00:00:00.598214,0.5,6.255739238269769,5,63,1.6599774628031536,2.284362599503064,0.7,FAIL
456,,2023-09-12 23:39:02.460824,2023-09-12 23:39:03.101988,0 days 00:00:00.641164,0.7,5.3911682771820555,6,20,7.857167473320583,6.05280686941528,0.6,FAIL
457,,2023-09-12 23:39:03.103988,2023-09-12 23:39:03.769255,0 days 00:00:00.665267,0.9,7.488981167270698,4,48,2.411223600754998,8.291468067035925,0.7,FAIL
458,,2023-09-12 23:39:03.771256,2023-09-12 23:39:04.208958,0 days 00:00:00.437702,0.5,6.771995843245275,5,94,9.484407445349273,3.046501102567543,1.0,FAIL
459,,2023-09-12 23:39:04.210960,2023-09-12 23:39:04.887438,0 days 00:00:00.676478,0.7,9.798195809198406,4,65,6.418487539982447,7.332448413756794,1.0,FAIL
460,,2023-09-12 23:39:04.887943,2023-09-12 23:39:05.479058,0 days 00:00:00.591115,0.9,3.8150095589441357,3,63,5.921159748404923,5.132698492574625,0.6,FAIL
461,,2023-09-12 23:39:05.480059,2023-09-12 23:39:05.973928,0 days 00:00:00.493869,0.9,2.2757558680595076,6,4,6.440741165524741,8.49547850937719,0.8,FAIL
462,,2023-09-12 23:39:05.975928,2023-09-12 23:39:06.520638,0 days 00:00:00.544710,0.7,7.165961679221994,5,79,8.719254712687494,1.124350612078691,1.0,FAIL
463,,2023-09-12 23:39:06.522638,2023-09-12 23:39:07.118280,0 days 00:00:00.595642,0.9,2.7002808309612676,3,91,3.724229455991504,7.943558875170584,0.7,FAIL
464,,2023-09-12 23:39:07.120282,2023-09-12 23:39:07.539557,0 days 00:00:00.419275,1.0,5.610900365379935,3,39,5.117358176502964,9.889343854864757,1.0,FAIL
465,,2023-09-12 23:39:07.541558,2023-09-12 23:39:07.981864,0 days 00:00:00.440306,0.9,4.990344630026456,3,18,9.772216697627163,1.558781372345376,0.8,FAIL
466,,2023-09-12 23:39:07.982864,2023-09-12 23:39:08.603527,0 days 00:00:00.620663,0.7,7.2109304269140475,6,91,1.6693980883850266,1.700908537509196,1.0,FAIL
467,,2023-09-12 23:39:08.605527,2023-09-12 23:39:09.153776,0 days 00:00:00.548249,0.9,4.971697246392346,5,18,4.551990482724339,2.9678048943993116,0.7,FAIL
468,,2023-09-12 23:39:09.155775,2023-09-12 23:39:09.650248,0 days 00:00:00.494473,0.5,4.57635869313683,6,39,2.7403710954941998,3.602176013809985,0.7,FAIL
469,,2023-09-12 23:39:09.652248,2023-09-12 23:39:10.000029,0 days 00:00:00.347781,0.5,7.70478628523762,6,26,1.850483158589566,3.9618679999939017,1.0,FAIL
470,,2023-09-12 23:39:10.002031,2023-09-12 23:39:10.624157,0 days 00:00:00.622126,0.9,6.249462776281819,6,8,3.887141166188301,6.140022319202716,0.7,FAIL
471,,2023-09-12 23:39:10.625157,2023-09-12 23:39:11.483227,0 days 00:00:00.858070,1.0,9.00649829542737,3,54,7.057754971540869,5.016662380697679,1.0,FAIL
472,,2023-09-12 23:39:11.485227,2023-09-12 23:39:11.971167,0 days 00:00:00.485940,0.7,4.9976488569101525,4,14,2.2005237300792095,8.257982001370861,1.0,FAIL
473,,2023-09-12 23:39:11.974167,2023-09-12 23:39:12.420797,0 days 00:00:00.446630,0.9,5.994829701406739,6,49,1.4810112479253947,8.478951663299341,1.0,FAIL
474,,2023-09-12 23:39:12.421797,2023-09-12 23:39:13.176336,0 days 00:00:00.754539,0.9,9.048285534819899,3,65,4.127379006127744,1.7563980875075877,0.8,FAIL
475,,2023-09-12 23:39:13.178843,2023-09-12 23:39:13.701859,0 days 00:00:00.523016,0.5,3.5020248545873622,5,7,2.943731165941992,3.799813725291318,0.8,FAIL
476,,2023-09-12 23:39:13.703860,2023-09-12 23:39:14.244062,0 days 00:00:00.540202,0.5,6.594292409606689,3,64,6.58372584153526,6.464675892760281,0.8,FAIL
477,,2023-09-12 23:39:14.246063,2023-09-12 23:39:14.848463,0 days 00:00:00.602400,0.9,4.383121516215366,5,77,8.3265866608768,9.589309463844078,0.8,FAIL
478,,2023-09-12 23:39:14.850464,2023-09-12 23:39:15.487327,0 days 00:00:00.636863,1.0,7.551269761305247,4,75,7.730703657301618,1.9396211088375763,0.7,FAIL
479,,2023-09-12 23:39:15.489337,2023-09-12 23:39:16.041129,0 days 00:00:00.551792,0.5,9.409806429250946,4,95,2.2156750976689343,3.112108695462478,0.7,FAIL
480,,2023-09-12 23:39:16.042129,2023-09-12 23:39:16.543689,0 days 00:00:00.501560,0.7,4.70705454417125,5,73,3.8367385929097835,4.016790031154242,0.8,FAIL
481,,2023-09-12 23:39:16.545688,2023-09-12 23:39:17.028873,0 days 00:00:00.483185,0.9,1.42316802923288,6,32,8.53637038399054,7.55021319556909,0.8,FAIL
482,,2023-09-12 23:39:17.029873,2023-09-12 23:39:17.593761,0 days 00:00:00.563888,1.0,1.6721527616035319,4,58,9.358671887102918,2.884886831817283,0.7,FAIL
483,,2023-09-12 23:39:17.595761,2023-09-12 23:39:18.144072,0 days 00:00:00.548311,0.7,1.3953112389827371,3,52,2.0104248620569467,2.3269197217980127,0.7,FAIL
484,,2023-09-12 23:39:18.145072,2023-09-12 23:39:18.799556,0 days 00:00:00.654484,1.0,8.105232935933977,6,85,9.470123960332067,4.7978642317729605,0.7,FAIL
485,,2023-09-12 23:39:18.801557,2023-09-12 23:39:19.330282,0 days 00:00:00.528725,0.5,2.6415969981711336,3,72,2.8881562915450294,6.419509926774765,0.8,FAIL
486,,2023-09-12 23:39:19.332282,2023-09-12 23:39:20.007342,0 days 00:00:00.675060,0.9,7.324362530482235,4,89,1.2829042139839206,8.007149245184273,0.7,FAIL
487,,2023-09-12 23:39:20.008352,2023-09-12 23:39:20.608771,0 days 00:00:00.600419,0.9,9.290705601027467,6,36,1.432669851292875,7.711780821728199,0.7,FAIL
488,,2023-09-12 23:39:20.610978,2023-09-12 23:39:21.262723,0 days 00:00:00.651745,0.7,7.233668904274363,6,100,5.236341474541335,8.639564186721227,0.7,FAIL
489,,2023-09-12 23:39:21.264723,2023-09-12 23:39:21.936138,0 days 00:00:00.671415,0.9,6.680186844466258,6,94,2.576151686153311,1.922408867612539,0.6,FAIL
490,,2023-09-12 23:39:21.938652,2023-09-12 23:39:22.509299,0 days 00:00:00.570647,1.0,1.7586798237212726,4,58,7.820584130156305,2.0092988335229203,0.7,FAIL
491,,2023-09-12 23:39:22.511300,2023-09-12 23:39:23.155966,0 days 00:00:00.644666,1.0,8.31438383320112,3,58,5.088337085892069,9.516008244238979,0.6,FAIL
492,,2023-09-12 23:39:23.158483,2023-09-12 23:39:23.777772,0 days 00:00:00.619289,0.9,7.148567492975284,6,70,6.127442429743488,2.519416590820824,0.7,FAIL
493,,2023-09-12 23:39:23.779773,2023-09-12 23:39:24.238089,0 days 00:00:00.458316,0.5,5.637331929547496,5,2,1.6263170794649107,2.651653647169719,0.8,FAIL
494,,2023-09-12 23:39:24.240093,2023-09-12 23:39:24.834765,0 days 00:00:00.594672,0.9,7.3874341625903,6,96,5.166112284918588,8.970945509781522,0.8,FAIL
495,,2023-09-12 23:39:24.836764,2023-09-12 23:39:25.393773,0 days 00:00:00.557009,0.7,1.238126006980841,5,69,2.1308499293211964,3.458305766309255,0.6,FAIL
496,,2023-09-12 23:39:25.395773,2023-09-12 23:39:26.038004,0 days 00:00:00.642231,0.9,8.215613735015104,6,87,7.79215438342328,6.538389052801445,0.7,FAIL
497,,2023-09-12 23:39:26.040007,2023-09-12 23:39:26.551541,0 days 00:00:00.511534,0.7,5.631688711772077,5,65,6.550658705046142,8.161692187118078,0.8,FAIL
498,,2023-09-12 23:39:26.552541,2023-09-12 23:39:27.095182,0 days 00:00:00.542641,1.0,1.5890196168212771,4,92,8.656390800506127,1.8165298391471056,0.6,FAIL
499,,2023-09-12 23:39:27.096182,2023-09-12 23:39:27.639816,0 days 00:00:00.543634,1.0,5.200381930676684,3,14,2.2831742202948755,3.3174022783138324,0.8,FAIL
